日期,开盘,最高,最低,收盘,成交量,成交额,outstanding_share,turnover,code
2020-01-02,19.55,19.68,19.32,19.48,4254424.0,83051300.0,1247201704.0,0.0034111755831917,2399
2020-01-03,19.32,19.72,19.17,19.5,4688045.0,91203719.0,1247201704.0,0.003758850701506,2399
2020-01-06,19.53,20.75,19.43,20.57,10156385.0,206825927.0,1247201704.0,0.008143337976068,2399
2020-01-07,20.65,21.68,20.33,21.38,11574975.0,245147318.0,1247201704.0,0.0092807562424561,2399
2020-01-08,21.3,21.35,20.89,21.1,4106589.0,86695356.0,1247201704.0,0.0032926422300654,2399
2020-01-09,21.25,21.91,21.14,21.3,4696947.0,100591051.0,1247201704.0,0.0037659882799518,2399
2020-01-10,21.43,22.62,21.3,22.4,9938486.0,220635003.0,1247201704.0,0.0079686276631321,2399
2020-01-13,22.8,23.37,22.18,23.33,10236414.0,234739004.0,1247201704.0,0.0082075048223314,2399
2020-01-14,23.33,23.6,22.94,23.16,4303801.0,99773376.0,1247201704.0,0.0034507658113334,2399
2020-01-15,23.11,23.15,22.49,23.05,5283541.0,120135880.0,1247201704.0,0.0042363163737306,2399
2020-01-16,23.05,23.41,22.51,22.96,3840267.0,88163700.0,1247201704.0,0.0030791066013489,2399
2020-01-17,22.96,23.14,22.47,22.9,5109025.0,116515394.0,1247201704.0,0.0040963903301402,2399
2020-01-20,23.35,23.35,22.56,23.02,4732032.0,108496478.0,1247201704.0,0.0037941192549878,2399
2020-01-21,23.09,23.5,22.31,22.68,5969079.0,136373707.0,1247201704.0,0.004785977264829,2399
2020-01-22,23.1,23.1,22.1,22.58,5172800.0,117188183.0,1247201704.0,0.0041475248016498,2399
2020-01-23,22.76,24.78,22.55,22.8,13466038.0,316006855.0,1247201704.0,0.0107970009636869,2399
2020-02-03,20.52,20.52,20.52,20.52,3573700.0,73332324.0,1247201704.0,0.002865374532875,2399
2020-02-04,20.75,22.4,20.75,22.09,9035622.0,193962848.0,1247201704.0,0.0072447158875915,2399
2020-02-05,22.82,24.28,22.27,24.28,12028525.0,282553983.0,1247201704.0,0.0096444103318832,2399
2020-02-06,24.3,25.34,23.86,24.6,13273356.0,326708467.0,1247201704.0,0.0106425095134411,2399
2020-02-07,24.95,25.05,23.91,24.18,9082020.0,221734852.0,1247201704.0,0.0072819175686437,2399
2020-02-10,24.4,24.6,23.7,24.53,7491742.0,180664317.0,1247201704.0,0.0060068407347204,2399
2020-02-11,24.39,25.91,24.29,25.42,11442124.0,289452999.0,1247201704.0,0.0091742369845254,2399
2020-02-12,25.58,25.91,25.2,25.55,5987424.0,152744679.0,1247201704.0,0.0048006861927764,2399
2020-02-13,25.62,25.66,24.9,24.94,6819171.0,170912675.0,1247201704.0,0.0054675767184487,2399
2020-02-14,24.94,25.28,24.31,24.67,7046024.0,174474232.0,1247201704.0,0.0056494663031666,2399
2020-02-17,24.88,25.76,24.58,25.58,8232764.0,207830657.0,1247201704.0,0.0066009884155834,2399
2020-02-18,25.69,25.79,24.89,25.24,8034248.0,202686898.0,1247201704.0,0.0064418192937298,2399
2020-02-19,25.32,25.34,24.78,24.87,4968592.0,124140954.0,1247201704.0,0.0039837918630682,2399
2020-02-20,25.1,25.11,24.33,24.85,5639826.0,138966224.0,1247201704.0,0.0045219838795217,2399
2020-02-21,24.71,25.98,24.58,25.79,10269416.0,261388049.0,1247201704.0,0.0082339656585331,2399
2020-02-24,26.06,27.21,25.45,25.83,10704331.0,279475649.0,1247201704.0,0.0085826782994837,2399
2020-02-25,25.31,26.89,25.1,26.3,11488111.0,299207624.0,1247201704.0,0.0092111091278624,2399
2020-02-26,25.82,26.25,25.08,25.08,7813013.0,199349799.0,1247201704.0,0.0062644341929154,2399
2020-02-27,25.08,26.67,25.08,26.33,10534533.0,273500017.0,1247201704.0,0.0084465351243618,2399
2020-02-28,25.69,26.45,25.11,25.48,9630454.0,248232761.0,1247201704.0,0.0077216491679841,2399
2020-03-02,25.95,26.92,25.36,26.9,8464143.0,222704471.0,1247201704.0,0.0067865069241438,2399
2020-03-03,27.3,27.76,26.1,26.26,9915934.0,264567349.0,1247201704.0,0.0079505455839242,2399
2020-03-04,26.27,26.55,25.59,26.1,6011224.0,156479838.0,1247201704.0,0.004819768912054,2399
2020-03-05,26.34,26.87,25.7,26.2,6142201.0,160518017.0,1247201704.0,0.0049247856062903,2399
2020-03-06,25.9,26.67,25.71,26.31,5702046.0,149428357.0,1247201704.0,0.0045718715599189,2399
2020-03-09,25.84,25.89,23.68,23.68,18921396.0,459882030.0,1247201704.0,0.0151710793364984,2399
2020-03-10,23.42,24.57,22.59,24.36,13326536.0,314651382.0,1247201704.0,0.0106851489676925,2399
2020-03-11,24.75,25.16,23.98,24.02,7917768.0,194222276.0,1247201704.0,0.0063484262205594,2399
2020-03-12,24.02,24.02,22.77,22.94,10688830.0,248090836.0,1247201704.0,0.0085702496763105,2399
2020-03-13,21.43,22.7,21.04,21.9,9954670.0,217097000.0,1247201704.0,0.0079816039122409,2399
2020-03-16,22.13,22.33,19.85,20.02,16032874.0,334272299.0,1247201704.0,0.0128550770485477,2399
2020-03-17,20.18,21.58,20.18,20.83,16567075.0,347856128.0,1247201704.0,0.0132833967006831,2399
2020-03-18,21.33,21.59,20.12,20.17,12237488.0,255934198.0,1247201704.0,0.0098119558053458,2399
2020-03-19,20.4,20.47,19.16,20.04,8617577.0,173274833.0,1247201704.0,0.0069095295270699,2399
2020-03-20,20.45,20.82,19.92,20.4,8063998.0,164006563.0,1247201704.0,0.0064656726928269,2399
2020-03-23,19.89,21.36,19.63,20.68,11520867.0,239938021.0,1247201704.0,0.0092373727225119,2399
2020-03-24,21.17,21.55,20.5,21.41,10501850.0,220981975.0,1247201704.0,0.0084203300607421,2399
2020-03-25,21.92,22.37,21.62,21.67,8772780.0,192004142.0,1247201704.0,0.0070339705052231,2399
2020-03-26,21.85,21.86,21.23,21.65,6538646.0,141068642.0,1247201704.0,0.005242653196375,2399
2020-03-27,21.97,22.36,21.49,21.51,6780697.0,147844592.0,1247201704.0,0.005436728460403,2399
2020-03-30,21.81,22.0,20.34,20.8,8392950.0,176691725.0,1247201704.0,0.006729424737861,2399
2020-03-31,20.98,21.1,20.31,20.6,5555147.0,114748275.0,1247201704.0,0.0044540886868448,2399
2020-04-01,20.65,20.65,19.91,20.23,4472570.0,90727115.0,1247201704.0,0.0035860839394747,2399
2020-04-02,20.34,20.38,19.8,20.38,4981722.0,99950149.0,1247201704.0,0.003994319430468,2399
2020-04-03,20.24,20.64,20.04,20.15,3814452.0,77440462.0,1247201704.0,0.0030584082652921,2399
2020-04-07,20.38,21.56,20.38,21.31,7135985.0,150359530.0,1247201704.0,0.0057215965766512,2399
2020-04-08,21.39,21.77,21.0,21.55,4725567.0,101156411.0,1247201704.0,0.0037889356507806,2399
2020-04-09,21.5,22.97,21.5,22.77,8716675.0,196433920.0,1247201704.0,0.0069889858008083,2399
2020-04-10,22.78,23.35,22.18,22.35,6320726.0,143523453.0,1247201704.0,0.0050679260457456,2399
2020-04-13,22.23,23.99,22.11,23.07,10239497.0,239028670.0,1247201704.0,0.0082099767560933,2399
2020-04-14,23.1,23.74,22.66,23.6,7961647.0,186358094.0,1247201704.0,0.0063836081801889,2399
2020-04-15,23.61,24.47,23.61,23.84,7032816.0,168707337.0,1247201704.0,0.0056388761957624,2399
2020-04-16,23.72,23.91,23.34,23.41,5609692.0,131993369.0,1247201704.0,0.0044978225911724,2399
2020-04-17,23.74,24.35,22.99,23.15,8811668.0,207250101.0,1247201704.0,0.0070651507063688,2399
2020-04-20,23.18,23.55,22.78,22.99,5151796.0,118689723.0,1247201704.0,0.0041306839009899,2399
2020-04-21,23.35,23.42,21.68,21.95,10044484.0,222813633.0,1247201704.0,0.0080536163218712,2399
2020-04-22,22.0,22.15,21.4,22.02,6978735.0,152359874.0,1247201704.0,0.0055955143242812,2399
2020-04-23,22.29,22.6,21.99,22.15,6982615.0,155401075.0,1247201704.0,0.0055986252886004,2399
2020-04-24,22.34,22.45,21.64,21.77,4609404.0,101177574.0,1247201704.0,0.0036957967466022,2399
2020-04-27,21.7,22.17,21.51,21.85,4538918.0,99374921.0,1247201704.0,0.0036392814293332,2399
2020-04-28,21.85,22.26,21.3,22.0,5784753.0,126020749.0,1247201704.0,0.0046381856129984,2399
2020-04-29,21.9,22.94,21.81,22.21,6337897.0,142256826.0,1247201704.0,0.005081693666448,2399
2020-04-30,22.25,22.76,22.03,22.1,6978747.0,155554759.0,1247201704.0,0.0055955239458203,2399
2020-05-06,21.99,22.56,21.53,22.4,11093660.0,246059074.0,1247201704.0,0.0088948403168634,2399
2020-05-07,22.46,22.76,22.08,22.12,9514397.0,212677407.0,1247201704.0,0.007628595254068,2399
2020-05-08,22.3,23.78,22.03,23.6,13368844.0,308160126.0,1247201704.0,0.0107190713074907,2399
2020-05-11,23.8,23.84,23.13,23.27,6931350.0,162079703.0,1247201704.0,0.0055575212716354,2399
2020-05-12,23.32,23.61,23.01,23.21,5401483.0,125555509.0,1247201704.0,0.0043308816710853,2399
2020-05-13,23.48,23.48,22.87,23.2,4647737.0,107464137.0,1247201704.0,0.0037265319515631,2399
2020-05-14,23.1,23.83,23.0,23.6,7588414.0,177830206.0,1247201704.0,0.0060843518539644,2399
2020-05-15,23.59,24.07,23.41,23.83,9211855.0,219702869.0,1247201704.0,0.0073860186130727,2399
2020-05-18,23.8,24.03,23.24,23.31,5845795.0,137667320.0,1247201704.0,0.0046871287789709,2399
2020-05-19,23.44,23.79,23.06,23.17,4693795.0,109344492.0,1247201704.0,0.0037634610223399,2399
2020-05-20,23.18,23.18,22.39,22.53,7868444.0,178707711.0,1247201704.0,0.0063088784875489,2399
2020-05-21,22.5,22.9,21.8,21.9,7226240.0,160352626.0,1247201704.0,0.0057939625778445,2399
2020-05-22,21.98,22.04,20.91,21.2,5676168.0,121112596.0,1247201704.0,0.0045511227107816,2399
2020-05-25,21.1,21.39,20.66,20.8,4624705.0,96651716.0,1247201704.0,0.0037080650107899,2399
2020-05-26,20.98,21.77,20.95,21.71,5119247.0,110054489.0,1247201704.0,0.0041045862778904,2399
2020-05-27,21.9,22.07,21.2,21.93,6465389.0,140845220.0,1247201704.0,0.0051839161053615,2399
2020-05-28,21.89,22.3,21.25,21.5,3974712.0,86129332.0,1247201704.0,0.0031869039203942,2399
2020-05-29,21.3,21.65,21.15,21.22,5388758.0,114857747.0,1247201704.0,0.0043206788306312,2399
2020-06-01,21.39,22.1,21.39,21.98,4206311.0,91916840.0,1247201704.0,0.0033725988238386,2399
2020-06-02,21.98,22.45,21.74,22.09,5707218.0,126282051.0,1247201704.0,0.0045760184432846,2399
2020-06-03,22.1,22.4,21.85,21.9,4185813.0,92539621.0,1247201704.0,0.0033561636314121,2399
2020-06-04,22.0,22.16,21.46,21.59,5799471.0,125849925.0,1247201704.0,0.0046499864307433,2399
2020-06-05,21.59,21.83,21.28,21.65,3540338.0,76206745.0,1247201704.0,0.0028386250504994,2399
2020-06-08,21.69,21.96,21.41,21.59,3140794.0,68074067.0,1247201704.0,0.002518272697934,2399
2020-06-09,21.53,23.75,21.42,23.75,18021367.0,416554554.0,1247201704.0,0.0144494406495775,2399
2020-06-10,23.99,24.24,23.46,23.67,18544492.0,441614670.0,1247201704.0,0.0148688796210945,2399
2020-06-11,23.75,24.0,22.89,23.05,11520368.0,269266878.0,1247201704.0,0.009236972626843,2399
2020-06-12,22.71,23.3,22.55,23.04,11538489.0,263944903.0,1247201704.0,0.0092515019527266,2399
2020-06-15,23.04,24.49,23.04,23.67,14124311.0,336612844.0,1247201704.0,0.0113248009160834,2399
2020-06-16,23.67,24.07,23.41,23.83,9678152.0,229682728.0,1247201704.0,0.0077598931824422,2399
2020-06-17,23.79,24.65,23.73,24.3,14578403.0,352293051.0,1247201704.0,0.0116888895783612,2399
2020-06-18,24.39,24.48,23.28,23.58,9761200.0,230759864.0,1247201704.0,0.0078264806475921,2399
2020-06-19,23.6,24.28,23.35,24.0,8306313.0,199157419.0,1247201704.0,0.0066599596307158,2399
2020-06-22,24.09,24.93,23.68,24.51,10948924.0,266521298.0,1247201704.0,0.0087787917262178,2399
2020-06-23,24.7,25.0,24.26,24.66,10512979.0,259259459.0,1247201704.0,0.0084292532364917,2399
2020-06-24,24.53,24.98,23.45,23.84,15695100.0,375250527.0,1247201704.0,0.012584251568662,2399
2020-06-29,23.9,24.82,23.46,24.78,15159461.0,364823980.0,1247201704.0,0.0121547789354206,2399
2020-06-30,24.62,25.48,24.41,25.04,14240548.0,356789720.0,1247201704.0,0.0114179991530864,2399
2020-07-01,25.1,25.15,24.25,24.42,11717360.0,288379520.0,1247201704.0,0.0093949198132269,2399
2020-07-02,24.5,25.93,24.21,25.6,20451889.0,520611517.0,1247201704.0,0.0163982208606732,2399
2020-07-03,25.6,26.53,25.6,25.9,15699818.0,409015235.0,1247201704.0,0.0125880344371306,2399
2020-07-06,25.99,26.46,25.7,26.31,18489287.0,482413030.0,1247201704.0,0.0148246165321146,2399
2020-07-07,26.33,27.26,26.06,26.7,15626226.0,418405520.0,1247201704.0,0.0125290287448164,2399
2020-07-08,26.28,26.51,25.41,25.8,23367234.0,601628969.0,1247201704.0,0.0187357296939677,2399
2020-07-09,25.77,27.0,25.34,26.46,19834293.0,517824165.0,1247201704.0,0.015903035520548,2399
2020-07-10,26.02,26.95,25.9,25.94,15568417.0,409756408.0,1247201704.0,0.0124826777818449,2399
2020-07-13,26.02,27.52,26.0,27.35,19131896.0,515459651.0,1247201704.0,0.0153398571687647,2399
2020-07-14,27.4,27.4,25.52,26.03,17390979.0,457026421.0,1247201704.0,0.013943998748738,2399
2020-07-15,26.37,28.63,26.37,27.55,33977757.0,956661745.0,1247201704.0,0.0272431932148803,2399
2020-07-16,27.92,27.92,25.13,25.25,21864031.0,579672885.0,1247201704.0,0.0175304691533679,2399
2020-07-17,25.1,25.78,24.71,25.17,13999655.0,352523265.0,1247201704.0,0.0112248523675846,2399
2020-07-20,25.59,25.9,24.7,25.53,10710454.0,270234781.0,1247201704.0,0.0085875876898256,2399
2020-07-21,25.55,26.06,25.34,25.6,8925982.0,229708029.0,1247201704.0,0.007156807091726,2399
2020-07-22,25.65,26.48,25.31,25.7,10652573.0,277319473.0,1247201704.0,0.0085411789976194,2399
2020-07-23,25.55,25.9,24.66,25.69,11547318.0,291822530.0,1247201704.0,0.0092585810001427,2399
2020-07-24,25.59,25.64,23.7,23.88,13814468.0,338352882.0,1247201704.0,0.0110763703703214,2399
2020-07-27,23.69,24.34,23.53,23.86,7519353.0,180039293.0,1247201704.0,0.0060289790944673,2399
2020-07-28,24.09,24.29,23.37,23.89,7089001.0,168050311.0,1247201704.0,0.0056839250437714,2399
2020-07-29,23.8,24.75,23.6,24.6,8638505.0,210059215.0,1247201704.0,0.0069263094913154,2399
2020-07-30,24.6,25.12,24.3,24.42,10749310.0,265815297.0,1247201704.0,0.0086187422335337,2399
2020-07-31,24.51,24.95,23.98,24.56,11331549.0,277033654.0,1247201704.0,0.0090855785104026,2399
2020-08-03,24.57,24.96,24.42,24.81,11935837.0,295117743.0,1247201704.0,0.0095700935636309,2399
2020-08-04,24.83,25.13,24.4,24.53,11022266.0,272508556.0,1247201704.0,0.0088375969698001,2399
2020-08-05,24.5,25.36,23.97,25.36,13631050.0,334976727.0,1247201704.0,0.0109293067482852,2399
2020-08-06,26.42,27.9,26.41,27.9,14327996.0,395033913.0,1247201704.0,0.0114881145159179,2399
2020-08-07,30.69,30.69,28.58,29.0,59588729.0,1773030585.0,1247201704.0,0.0477779406561811,2399
2020-08-10,28.1,29.34,26.75,29.28,32908319.0,915469204.0,1247201704.0,0.0263857232510644,2399
2020-08-11,28.75,29.19,27.58,27.61,20174382.0,574600295.0,1247201704.0,0.0161757171556911,2399
2020-08-12,27.35,27.85,26.33,26.79,12664734.0,340712559.0,1247201704.0,0.0101545194809964,2399
2020-08-13,26.82,27.09,26.16,26.25,9376793.0,248299515.0,1247201704.0,0.0075182650648463,2399
2020-08-14,26.23,26.68,25.86,26.48,7780967.0,204351493.0,1247201704.0,0.0062387398726645,2399
2020-08-17,26.4,26.92,26.15,26.62,8324471.0,220826782.0,1247201704.0,0.0066745186230117,2399
2020-08-18,26.6,26.85,26.01,26.16,9068648.0,239861846.0,1247201704.0,0.0072711959668714,2399
2020-08-19,26.0,26.24,25.33,25.33,13205824.0,338274398.0,1247201704.0,0.0105883626983883,2399
2020-08-20,25.21,25.52,24.65,24.69,7682565.0,192068198.0,1247201704.0,0.0061598416481958,2399
2020-08-21,24.84,25.33,24.75,24.93,5925120.0,148446102.0,1247201704.0,0.0047507311616052,2399
2020-08-24,25.0,25.13,24.81,25.02,5790271.0,144628117.0,1247201704.0,0.0046426099174091,2399
2020-08-25,25.05,25.49,24.72,25.01,9615961.0,241483276.0,1247201704.0,0.0077100287540979,2399
2020-08-26,25.02,25.19,23.63,24.1,12069709.0,293553848.0,1247201704.0,0.0096774314541828,2399
2020-08-27,23.9,24.33,23.63,24.16,6306664.0,151301127.0,1247201704.0,0.0050566512054733,2399
2020-08-28,24.2,24.68,24.08,24.68,9567534.0,234002280.0,1247201704.0,0.0076712002311375,2399
2020-08-31,24.89,24.97,24.33,24.45,8877954.0,218016017.0,1247201704.0,0.0071182984849417,2399
2020-09-01,24.48,24.85,24.45,24.62,5173756.0,127521046.0,1247201704.0,0.0041482913176007,2399
2020-09-02,24.74,25.07,24.55,24.88,6785169.0,168378756.0,1247201704.0,0.0054403140873194,2399
2020-09-03,24.71,24.99,24.02,24.17,8666962.0,212224420.0,1247201704.0,0.006949126169571,2399
2020-09-04,23.63,24.0,23.4,23.75,7880820.0,186391109.0,1247201704.0,0.0063188015015733,2399
2020-09-07,23.64,24.03,23.02,23.15,7297665.0,171309714.0,1247201704.0,0.0058512307805506,2399
2020-09-08,23.14,23.37,22.78,23.29,4874659.0,112795314.0,1247201704.0,0.003908476860131,2399
2020-09-09,23.0,23.13,22.06,22.22,8458022.0,189765756.0,1247201704.0,0.0067815991373918,2399
2020-09-10,22.4,22.62,21.51,21.58,7303574.0,160652909.0,1247201704.0,0.005855968586778,2399
2020-09-11,21.4,22.15,21.4,21.87,5810570.0,126244215.0,1247201704.0,0.0046588855526451,2399
2020-09-14,22.02,22.25,21.75,22.02,4399383.0,96811278.0,1247201704.0,0.0035274029741062,2399
2020-09-15,22.01,22.34,21.84,22.24,4098136.0,90636604.0,1247201704.0,0.0032858646575421,2399
2020-09-16,22.11,22.43,21.82,22.4,4887718.0,108305976.0,1247201704.0,0.0039189475000909,2399
2020-09-17,22.4,22.9,22.19,22.63,5874119.0,132685222.0,1247201704.0,0.0047098388185011,2399
2020-09-18,22.62,22.82,22.36,22.75,3863577.0,87424399.0,1247201704.0,0.0030977964411119,2399
2020-09-21,22.77,22.96,22.62,22.77,3530530.0,80445321.0,1247201704.0,0.0028307610458492,2399
2020-09-22,22.69,23.09,22.51,22.74,4272285.0,97625844.0,1247201704.0,0.0034254964423942,2399
2020-09-23,22.8,23.45,22.72,23.15,5915910.0,137121787.0,1247201704.0,0.0047433466303217,2399
2020-09-24,23.15,23.29,22.63,22.85,4435698.0,101741134.0,1247201704.0,0.0035565201569031,2399
2020-09-25,22.75,23.34,22.75,23.06,3815864.0,88187469.0,1247201704.0,0.0030595403997299,2399
2020-09-28,22.95,23.05,21.99,22.3,4981238.0,111682217.0,1247201704.0,0.003993931361723,2399
2020-09-29,22.3,22.86,21.83,22.67,4676739.0,105325837.0,1247201704.0,0.0037497856080543,2399
2020-09-30,22.71,23.09,22.57,22.7,3179530.0,72541283.0,1247201704.0,0.0025493310262507,2399
2020-10-09,22.99,23.35,22.8,22.93,4326898.0,99553978.0,1247201704.0,0.0034692848687769,2399
2020-10-12,22.94,23.47,22.94,23.47,5272647.0,122671822.0,1247201704.0,0.004227581619789,2399
2020-10-13,23.49,23.62,23.23,23.28,4690056.0,109550535.0,1247201704.0,0.0037604631111055,2399
2020-10-14,23.3,23.42,23.05,23.12,4039938.0,93755978.0,1247201704.0,0.0032392017963439,2399
2020-10-15,23.17,23.4,22.65,22.65,3884153.0,88615702.0,1247201704.0,0.0031142941735429,2399
2020-10-16,22.66,22.78,22.18,22.49,3038059.0,68275317.0,1247201704.0,0.0024359002960438,2399
2020-10-19,22.75,22.93,22.01,22.07,4311590.0,96669384.0,1247201704.0,0.0034570109920247,2399
2020-10-20,22.0,22.27,21.79,22.2,3182311.0,70089813.0,1247201704.0,0.0025515608179444,2399
2020-10-21,22.18,22.35,21.78,21.95,3483469.0,76525092.0,1247201704.0,0.0027930277747599,2399
2020-10-22,22.02,22.02,21.47,21.57,2935171.0,63463229.0,1247201704.0,0.0023534052195297,2399
2020-10-23,21.61,22.26,21.61,21.7,3983420.0,87236835.0,1247201704.0,0.003193885950624,2399
2020-10-26,21.5,21.69,21.2,21.27,3329753.0,71201230.0,1247201704.0,0.0026697790656642,2399
2020-10-27,21.42,21.78,21.31,21.48,3748996.0,80666938.0,1247201704.0,0.003005925976509,2399
2020-10-28,21.44,21.44,20.58,20.58,7091649.0,148357407.0,1247201704.0,0.0056860481967397,2399
2020-10-29,20.57,21.09,20.24,21.0,8839340.0,182460966.0,1247201704.0,0.0070873379756062,2399
2020-10-30,20.61,20.89,19.89,19.9,9435099.0,191090760.0,1247201704.0,0.0075650145198967,2399
2020-11-02,19.91,20.16,19.22,19.42,7198822.0,140712583.0,1247201704.0,0.0057719789645187,2399
2020-11-03,19.6,19.98,19.4,19.9,4170027.0,82528264.0,1247201704.0,0.0033435064966845,2399
2020-11-04,20.1,20.15,19.8,19.86,2820710.0,56161288.0,1247201704.0,0.0022616309703181,2399
2020-11-05,20.04,20.24,19.87,20.09,3615422.0,72468199.0,1247201704.0,0.0028988270208456,2399
2020-11-06,20.02,20.1,19.6,20.06,3688102.0,73208789.0,1247201704.0,0.0029571014761859,2399
2020-11-09,20.11,20.53,20.09,20.37,5319086.0,108195892.0,1247201704.0,0.0042648161744333,2399
2020-11-10,20.48,20.82,19.93,20.02,4522231.0,91183008.0,1247201704.0,0.0036259018773758,2399
2020-11-11,20.08,20.11,19.58,19.64,3548467.0,70062275.0,1247201704.0,0.0028451428414661,2399
2020-11-12,19.55,19.98,19.55,19.92,3084512.0,61073799.0,1247201704.0,0.0024731460758171,2399
2020-11-13,19.92,19.98,19.64,19.84,2684610.0,53088020.0,1247201704.0,0.0021525066806675,2399
2020-11-16,19.82,20.0,19.76,19.85,2184404.0,43334505.0,1247201704.0,0.0017514440470969,2399
2020-11-17,19.86,19.9,19.34,19.56,4213893.0,82199409.0,1247201704.0,0.0033786780329799,2399
2020-11-18,19.56,19.72,19.34,19.42,3524280.0,68780825.0,1247201704.0,0.0028257498275515,2399
2020-11-19,19.4,19.54,19.25,19.46,2606975.0,50622606.0,1247201704.0,0.0020902593314609,2399
2020-11-20,19.46,19.65,19.4,19.51,1973300.0,38473952.0,1247201704.0,0.0015821819306943,2399
2020-11-23,19.51,19.86,19.48,19.77,3757409.0,74162085.0,1247201704.0,0.0030126714772352,2399
2020-11-24,19.8,19.8,19.56,19.6,2658631.0,52222100.0,1247201704.0,0.0021316768502426,2399
2020-11-25,19.6,19.68,19.22,19.24,3379166.0,65604054.0,1247201704.0,0.0027093981584232,2399
2020-11-26,19.25,19.37,18.81,18.86,3825847.0,72482367.0,1247201704.0,0.0030675447184924,2399
2020-11-27,18.77,18.99,18.46,18.77,4135750.0,77141374.0,1247201704.0,0.0033160233719501,2399
2020-11-30,18.68,18.97,18.6,18.71,3605659.0,67797151.0,1247201704.0,0.0028909990969672,2399
2020-12-01,18.72,19.32,18.64,19.28,4567098.0,87341299.0,1247201704.0,0.0036618760103939,2399
2020-12-02,19.35,19.54,19.13,19.36,4426801.0,85585629.0,1247201704.0,0.003549386587432,2399
2020-12-03,19.36,19.69,19.27,19.58,4127215.0,80677071.0,1247201704.0,0.0033091800522427,2399
2020-12-04,19.68,19.7,19.5,19.66,2418746.0,47423600.0,1247201704.0,0.0019393382740278,2399
2020-12-07,19.75,19.78,19.25,19.28,3664967.0,71322157.0,1247201704.0,0.0029385519505351,2399
2020-12-08,19.3,19.45,19.09,19.15,3397021.0,65315403.0,1247201704.0,0.0027237142068561,2399
2020-12-09,19.32,19.32,18.52,18.52,5626825.0,105810697.0,1247201704.0,0.0045115597436675,2399
2020-12-10,18.55,18.7,18.33,18.65,2208056.0,40939943.0,1247201704.0,0.0017704081007253,2399
2020-12-11,18.63,18.65,18.0,18.08,4342453.0,79229642.0,1247201704.0,0.0034817567888762,2399
2020-12-14,18.17,18.44,17.93,18.21,3952034.0,71807225.0,1247201704.0,0.0031687208150254,2399
2020-12-15,18.26,18.76,18.12,18.41,3584167.0,66112627.0,1247201704.0,0.0028737669203825,2399
2020-12-16,18.4,18.47,17.93,18.0,3831477.0,69337945.0,1247201704.0,0.003072058823935,2399
2020-12-17,17.91,18.37,17.78,18.35,3569397.0,64545663.0,1247201704.0,0.0028619244093014,2399
2020-12-18,18.36,18.41,18.02,18.06,3424195.0,62149114.0,1247201704.0,0.0027455021822195,2399
2020-12-21,17.99,18.23,17.8,18.09,3902399.0,70345516.0,1247201704.0,0.0031289237237924,2399
2020-12-22,18.09,18.5,18.0,18.13,5805240.0,106157942.0,1247201704.0,0.0046546119856808,2399
2020-12-23,18.1,18.12,17.68,17.72,5060452.0,89997924.0,1247201704.0,0.0040574447451203,2399
2020-12-24,17.78,17.78,16.94,17.07,5651161.0,97088641.0,1247201704.0,0.0045310722250264,2399
2020-12-25,17.01,17.23,16.98,17.09,2615533.0,44735756.0,1247201704.0,0.0020971210924516,2399
2020-12-28,17.19,17.19,16.77,16.81,3333383.0,56454711.0,1247201704.0,0.0026726895812515,2399
2020-12-29,16.95,17.3,16.85,17.1,3278444.0,56202786.0,1247201704.0,0.0026286397697224,2399
2020-12-30,17.16,17.17,16.92,17.04,2182468.0,37173158.0,1247201704.0,0.001749891772117,2399
2020-12-31,17.01,17.31,16.91,17.22,3164666.0,54327698.0,1247201704.0,0.0025374131464464,2399
2021-01-04,17.15,17.64,17.0,17.46,4765258.0,82795321.0,1247201704.0,0.0038207596932532,2399
2021-01-05,17.38,17.57,17.27,17.45,4006129.0,69689390.0,1247201704.0,0.0032120939116356,2399
2021-01-06,17.52,17.59,17.1,17.26,3944886.0,68081222.0,1247201704.0,0.0031629895848827,2399
2021-01-07,17.25,17.28,16.71,16.95,4584121.0,77600568.0,1247201704.0,0.0036755249654469,2399
2021-01-08,16.66,17.22,16.57,16.97,4513531.0,76461466.0,1247201704.0,0.0036189262615054,2399
2021-01-11,16.98,16.98,16.24,16.35,7238673.0,118795938.0,1247201704.0,0.0058039312941798,2399
2021-01-12,17.0,17.9,16.71,17.08,10045251.0,173581143.0,1247201704.0,0.0080542312985807,2399
2021-01-13,17.08,17.19,16.5,16.81,6361951.0,106360199.0,1247201704.0,0.0051009800416372,2399
2021-01-14,16.65,17.03,16.52,16.84,4277628.0,71783471.0,1247201704.0,0.0034297804326925,2399
2021-01-15,16.77,17.27,16.61,17.2,5067800.0,86167399.0,1247201704.0,0.0040633363342486,2399
2021-01-18,17.12,17.32,17.08,17.2,4829808.0,83057473.0,1247201704.0,0.0038725155558318,2399
2021-01-19,17.2,17.48,17.08,17.38,3934500.0,67990956.0,1247201704.0,0.0031546621427643,2399
2021-01-20,17.39,17.42,17.12,17.27,2740002.0,47332228.0,1247201704.0,0.0021969197052989,2399
2021-01-21,17.29,17.41,17.11,17.23,3373915.0,58366054.0,1247201704.0,0.0027051879332583,2399
2021-01-22,17.3,17.94,17.1,17.78,7882803.0,139351278.0,1247201704.0,0.0063203914609148,2399
2021-01-25,17.8,18.3,17.65,17.89,7068449.0,126793730.0,1247201704.0,0.0056674465544187,2399
2021-01-26,17.62,17.73,17.18,17.38,4997387.0,87245553.0,1247201704.0,0.0040068795480093,2399
2021-01-27,17.38,17.75,17.25,17.61,3656450.0,64164542.0,1247201704.0,0.0029317230631365,2399
2021-01-28,17.45,18.07,17.25,17.99,6402017.0,113317897.0,1247201704.0,0.0051331047572077,2399
2021-01-29,17.81,18.64,17.72,18.59,10875995.0,200065588.0,1247201704.0,0.0087203176239406,2399
2021-02-01,18.62,19.19,18.15,19.18,11184475.0,210527533.0,1247201704.0,0.0089676553232162,2399
2021-02-02,19.19,19.3,18.83,18.98,6759477.0,128594315.0,1247201704.0,0.0054197143720387,2399
2021-02-03,18.89,19.83,18.35,19.52,11758212.0,224705691.0,1247201704.0,0.0094276747396105,2399
2021-02-04,19.44,19.96,19.06,19.58,8832592.0,172567514.0,1247201704.0,0.0070819274634345,2399
2021-02-05,19.54,19.54,18.35,18.5,8800295.0,165849767.0,1247201704.0,0.0070560318926568,2399
2021-02-08,18.43,18.86,17.81,18.6,5214643.0,96095694.0,1247201704.0,0.0041810743068067,2399
2021-02-09,18.44,18.72,18.25,18.65,4810594.0,89180991.0,1247201704.0,0.0038571098680923,2399
2021-02-10,18.57,19.56,18.33,19.45,8768840.0,166501136.0,1247201704.0,0.0070308114332082,2399
2021-02-18,19.7,20.66,19.25,20.17,12567832.0,250600424.0,1247201704.0,0.0100768239489191,2399
2021-02-19,19.95,20.44,19.81,20.35,7227678.0,146228944.0,1247201704.0,0.0057951155589505,2399
2021-02-22,20.2,20.26,19.73,19.98,9109861.0,181765686.0,1247201704.0,0.0073042403412239,2399
2021-02-23,19.75,20.25,19.55,20.01,5815430.0,115522605.0,1247201704.0,0.0046627822759934,2399
2021-02-24,20.03,20.12,19.5,19.72,4914045.0,97119552.0,1247201704.0,0.0039400563551507,2399
2021-02-25,19.61,19.9,19.02,19.34,5349943.0,103045192.0,1247201704.0,0.0042895571605152,2399
2021-02-26,19.12,19.41,19.01,19.01,3912080.0,74965579.0,1247201704.0,0.0031366859004868,2399
2021-03-01,19.01,19.07,18.5,18.9,5274221.0,99119858.0,1247201704.0,0.0042288436450051,2399
2021-03-02,18.83,19.18,18.83,18.9,4223358.0,80188313.0,1247201704.0,0.00338626702197,2399
2021-03-03,19.08,19.08,18.7,18.99,3032399.0,57386861.0,1247201704.0,0.0024313621367534,2399
2021-03-04,18.91,18.94,18.47,18.48,4358722.0,81106634.0,1247201704.0,0.0034948011905538,2399
2021-03-05,18.47,18.69,18.36,18.63,3081760.0,57139108.0,1247201704.0,0.0024709395361762,2399
2021-03-08,18.64,18.91,18.49,18.5,3346764.0,62568098.0,1247201704.0,0.0026834183991781,2399
2021-03-09,18.57,18.75,17.76,18.0,4973885.0,90423522.0,1247201704.0,0.0039880357636201,2399
2021-03-10,18.01,18.25,17.17,17.2,5616105.0,98416382.0,1247201704.0,0.0045029645020433,2399
2021-03-11,17.15,17.38,17.07,17.27,3880773.0,66902825.0,1247201704.0,0.0031115841066875,2399
2021-03-12,17.35,17.38,17.03,17.21,3082491.0,52898506.0,1247201704.0,0.0024715256482683,2399
2021-03-15,17.22,17.27,16.91,16.99,3693043.0,63043757.0,1247201704.0,0.0029610631449233,2399
2021-03-16,17.04,17.55,17.02,17.45,3297906.0,57148257.0,1247201704.0,0.0026442443026039,2399
2021-03-17,17.44,17.49,17.24,17.36,2462401.0,42767164.0,1247201704.0,0.0019743406315936,2399
2021-03-18,17.35,17.5,17.21,17.3,2597757.0,45117540.0,1247201704.0,0.002082868385818,2399
2021-03-19,17.2,17.63,17.1,17.62,3422860.0,59625407.0,1247201704.0,0.0027444317859912,2399
2021-03-22,17.61,17.88,17.52,17.63,2612900.0,46225614.0,1247201704.0,0.0020950099664071,2399
2021-03-23,17.68,17.85,17.46,17.77,3109865.0,54861791.0,1247201704.0,0.0024934739826173,2399
2021-03-24,17.75,17.88,17.42,17.55,2795046.0,49281150.0,1247201704.0,0.0022410537052954,2399
2021-03-25,17.51,17.84,17.16,17.67,2150220.0,37903210.0,1247201704.0,0.0017240354892908,2399
2021-03-26,17.67,17.83,17.54,17.64,2701919.0,47809408.0,1247201704.0,0.0021663849490699,2399
2021-03-29,17.57,17.58,17.06,17.23,4536051.0,78208358.0,1247201704.0,0.0036369826832757,2399
2021-03-30,17.27,17.34,17.04,17.23,3430824.0,58960073.0,1247201704.0,0.0027508172807948,2399
2021-03-31,17.2,17.45,17.0,17.11,2836731.0,48677100.0,1247201704.0,0.0022744765268537,2399
2021-04-01,17.2,17.35,17.06,17.32,2211261.0,38158440.0,1247201704.0,0.0017729778534683,2399
2021-04-02,17.33,17.47,17.18,17.27,1844091.0,31827275.0,1247201704.0,0.00147858280989,2399
2021-04-06,17.29,17.44,17.22,17.29,2162516.0,37477054.0,1247201704.0,0.0017338943597209,2399
2021-04-07,17.25,17.28,17.0,17.08,3291256.0,56248674.0,1247201704.0,0.0026389123663352,2399
2021-04-08,17.07,17.21,17.03,17.08,2353081.0,40289583.0,1247201704.0,0.0018866884101049,2399
2021-04-09,17.12,17.19,16.98,17.07,2139619.0,36484152.0,1247201704.0,0.001715535661263,2399
2021-04-12,17.17,17.22,16.83,16.92,2769785.0,47125874.0,1247201704.0,0.0022207995636285,2399
2021-04-13,16.87,17.08,16.8,16.96,2379583.0,40430542.0,1247201704.0,0.001907937579277,2399
2021-04-14,16.96,17.1,16.83,17.09,1835725.0,31247032.0,1247201704.0,0.0014718749935255,2399
2021-04-15,17.03,17.07,16.92,17.03,1868635.0,31715396.0,1247201704.0,0.0014982620645938,2399
2021-04-16,17.02,17.28,17.01,17.28,2781569.0,47836604.0,1247201704.0,0.0022302479150557,2399
2021-04-19,17.27,17.69,17.17,17.58,3539140.0,61881573.0,1247201704.0,0.0028376645001761,2399
2021-04-20,17.56,17.64,17.33,17.38,2900340.0,50637202.0,1247201704.0,0.0023254779004054,2399
2021-04-21,17.3,17.53,17.28,17.35,2384149.0,41493252.0,1247201704.0,0.0019115985749166,2399
2021-04-22,17.45,17.52,17.08,17.1,3702118.0,63734211.0,1247201704.0,0.0029683394338916,2399
2021-04-23,17.15,17.31,16.92,17.31,2888678.0,49543955.0,1247201704.0,0.0023161273679594,2399
2021-04-26,17.88,18.3,17.62,17.65,10297504.0,184431348.0,1247201704.0,0.0082564864744604,2399
2021-04-27,17.35,17.93,17.31,17.78,6170375.0,108846448.0,1247201704.0,0.0049473753765814,2399
2021-04-28,17.7,18.0,17.53,17.97,5453281.0,97315434.0,1247201704.0,0.0043724130447467,2399
2021-04-29,17.0,17.0,16.18,16.38,12050411.0,199910487.0,1247201704.0,0.0096619584156693,2399
2021-04-30,16.38,16.47,16.04,16.2,5673942.0,91916038.0,1247201704.0,0.0045493379152727,2399
2021-05-06,16.29,16.44,16.1,16.14,3488263.0,56555794.0,1247201704.0,0.002796871579643,2399
2021-05-07,16.15,16.28,15.93,16.08,2911152.0,46729874.0,1247201704.0,0.0023341469071629,2399
2021-05-10,16.07,16.24,16.05,16.17,2307259.0,37299067.0,1247201704.0,0.001849948562931,2399
2021-05-11,16.19,16.29,16.06,16.18,1944563.0,31431999.0,1247201704.0,0.001559140749859,2399
2021-05-12,16.15,16.34,16.0,16.25,2743056.0,44257229.0,1247201704.0,0.0021993683870079,2399
2021-05-13,16.19,16.57,16.12,16.43,3337180.0,54780088.0,1247201704.0,0.0026757339965917,2399
2021-05-14,16.56,16.56,16.35,16.45,2985497.0,49071357.0,1247201704.0,0.0023937563510577,2399
2021-05-17,16.49,16.71,16.39,16.64,3102842.0,51433854.0,1247201704.0,0.0024878429768405,2399
2021-05-18,16.66,16.69,16.5,16.55,1714730.0,28408646.0,1247201704.0,0.0013748618162567,2399
2021-05-19,16.55,16.66,16.3,16.35,2162908.0,35485864.0,1247201704.0,0.0017342086633326,2399
2021-05-20,16.36,16.57,16.23,16.27,2005659.0,32810492.0,1247201704.0,0.0016081272127575,2399
2021-05-21,16.15,16.29,16.08,16.1,2626692.0,42374577.0,1247201704.0,0.002106068322049,2399
2021-05-24,16.07,16.25,16.0,16.14,1696189.0,27367843.0,1247201704.0,0.0013599957365035,2399
2021-05-25,16.19,16.3,16.14,16.28,1863968.0,30301977.0,1247201704.0,0.0014945200876665,2399
2021-05-26,16.27,16.52,16.18,16.28,3458466.0,56459093.0,1247201704.0,0.0027729804961844,2399
2021-05-27,16.28,16.38,16.14,16.36,2477024.0,40412428.0,1247201704.0,0.0019860652788203,2399
2021-05-28,16.36,16.48,16.23,16.3,3307827.0,54047297.0,1247201704.0,0.002652198910081,2399
2021-05-31,16.26,16.5,16.1,16.47,2947307.0,48139922.0,1247201704.0,0.0023631358027714,2399
2021-06-01,16.44,16.63,16.4,16.5,3216815.0,53087378.0,1247201704.0,0.0025792259501274,2399
2021-06-02,16.65,17.27,16.5,17.0,8566300.0,145612419.0,1247201704.0,0.0068684158885658,2399
2021-06-03,16.95,17.1,16.8,16.8,3713185.0,62651077.0,1247201704.0,0.0029772128983556,2399
2021-06-04,16.81,17.08,16.73,16.82,2608650.0,44024076.0,1247201704.0,0.0020916023379647,2399
2021-06-07,16.84,16.94,16.58,16.61,3247881.0,54166267.0,1247201704.0,0.0026041345113492,2399
2021-06-08,16.77,16.77,16.46,16.5,2709479.0,44941227.0,1247201704.0,0.0021724465187228,2399
2021-06-09,16.69,16.69,16.49,16.56,1987920.0,32900337.0,1247201704.0,0.0015939041725363,2399
2021-06-10,16.56,16.6,16.43,16.55,2138666.0,35295354.0,1247201704.0,0.0017147715506969,2399
2021-06-11,16.53,16.68,16.29,16.33,3093638.0,50875783.0,1247201704.0,0.0024804632563266,2399
2021-06-15,16.22,16.36,16.1,16.16,2553969.0,41270660.0,1247201704.0,0.0020477593895269,2399
2021-06-16,16.18,16.2,15.85,15.86,3518982.0,56196622.0,1247201704.0,0.0028215019180249,2399
2021-06-17,15.86,16.0,15.82,15.82,2204736.0,35013255.0,1247201704.0,0.0017677461415655,2399
2021-06-18,15.82,16.06,15.78,16.06,2127802.0,33853565.0,1247201704.0,0.0017060608506031,2399
2021-06-21,16.01,16.1,15.92,16.02,1990439.0,31847327.0,1247201704.0,0.001595923893959,2399
2021-06-22,16.04,16.15,15.99,16.05,1982348.0,31797159.0,1247201704.0,0.0015894365711995,2399
2021-06-23,16.06,16.22,15.93,16.15,2604911.0,41835430.0,1247201704.0,0.0020886044267303,2399
2021-06-24,16.16,16.19,15.98,16.04,1918356.0,30802976.0,1247201704.0,0.0015381281101905,2399
2021-06-25,16.04,16.11,15.96,16.03,2204521.0,35313414.0,1247201704.0,0.0017675737556561,2399
2021-06-28,16.0,16.04,15.93,16.03,1762665.0,28169535.0,1247201704.0,0.0014132958561127,2399
2021-06-29,16.02,16.05,15.85,15.87,1778791.0,28367672.0,1247201704.0,0.0014262256011157,2399
2021-06-30,15.87,15.99,15.82,15.93,1691360.0,26872558.0,1247201704.0,0.001356123868798,2399
2021-07-01,15.91,16.15,15.86,15.98,2412319.0,38691612.0,1247201704.0,0.001934185138028,2399
2021-07-02,15.99,15.99,15.8,15.83,1927059.0,30559762.0,1247201704.0,0.0015451061314457,2399
2021-07-05,15.7,15.91,15.55,15.66,2427442.0,38071090.0,1247201704.0,0.0019463106827185,2399
2021-07-06,15.59,15.66,15.4,15.45,2075990.0,32154149.0,1247201704.0,0.0016645182518127,2399
2021-07-07,15.55,15.56,15.36,15.39,2209020.0,34099164.0,1247201704.0,0.0017711810310355,2399
2021-07-08,15.4,15.44,15.12,15.19,2573360.0,39151218.0,1247201704.0,0.0020633069949686,2399
2021-07-09,15.18,15.3,15.13,15.26,1321788.0,20134690.0,1247201704.0,0.0010598029138035,2399
2021-07-12,15.3,15.45,15.23,15.41,1884833.0,28963709.0,1247201704.0,0.0015112495388316,2399
2021-07-13,15.4,15.49,15.29,15.49,1433698.0,22040310.0,1247201704.0,0.0011495317841547,2399
2021-07-14,15.48,15.58,15.37,15.37,2089150.0,32297803.0,1247201704.0,0.0016750698730604,2399
2021-07-15,15.33,15.4,15.19,15.31,1658507.0,25298157.0,1247201704.0,0.0013297825000405,2399
2021-07-16,15.31,15.33,15.17,15.18,2032349.0,30934575.0,1247201704.0,0.001629527119376,2399
2021-07-19,15.17,15.23,15.04,15.12,1687716.0,25470644.0,1247201704.0,0.0013532021280817,2399
2021-07-20,15.2,15.29,15.07,15.19,1481633.0,22486896.0,1247201704.0,0.0011879658240107,2399
2021-07-21,15.19,15.42,15.15,15.31,2182452.0,33303150.0,1247201704.0,0.0017498789433982,2399
2021-07-22,15.31,15.31,15.13,15.14,1966598.0,29841385.0,1247201704.0,0.0015768083010893,2399
2021-07-23,15.15,15.27,15.03,15.07,2932374.0,44370347.0,1247201704.0,0.0023511625991171,2399
2021-07-26,15.05,15.06,14.58,14.64,3846935.0,56799757.0,1247201704.0,0.0030844529699263,2399
2021-07-27,14.64,14.81,14.52,14.81,2594995.0,38113608.0,1247201704.0,0.0020806538282279,2399
2021-07-28,14.8,15.08,14.61,14.82,3473385.0,51625968.0,1247201704.0,0.0027849424747097,2399
2021-07-29,14.84,14.96,14.58,14.63,2300600.0,33805580.0,1247201704.0,0.0018446094105079,2399
2021-07-30,14.69,15.16,14.23,15.1,6695816.0,98369680.0,1247201704.0,0.0053686713051508,2399
2021-08-02,14.87,15.15,14.75,14.98,3104780.0,46467385.0,1247201704.0,0.0024893968554103,2399
2021-08-03,16.0,16.48,16.0,16.48,20693692.0,340762643.0,1247201704.0,0.0165920972795592,2399
2021-08-04,16.48,17.97,16.26,17.46,36569621.0,624127610.0,1247201704.0,0.0293213366231898,2399
2021-08-05,17.21,17.86,16.96,17.53,21001126.0,364890949.0,1247201704.0,0.0168385963013405,2399
2021-08-06,17.39,17.52,16.58,16.8,12421706.0,209843589.0,1247201704.0,0.0099596608633241,2399
2021-08-09,16.7,18.17,16.7,17.47,12486358.0,218757727.0,1247201704.0,0.0100114985089853,2399
2021-08-10,17.34,17.46,17.06,17.25,6267202.0,107829738.0,1247201704.0,0.0050250107740391,2399
2021-08-11,17.12,17.17,16.76,16.8,7728375.0,130687653.0,1247201704.0,0.0061965718738306,2399
2021-08-12,16.76,17.08,16.75,16.82,5488779.0,92655721.0,1247201704.0,0.0044008751610878,2399
2021-08-13,16.65,16.88,16.11,16.48,8335103.0,136564786.0,1247201704.0,0.0066830433066823,2399
2021-08-16,16.47,16.7,16.26,16.58,4565019.0,75466796.0,1247201704.0,0.0036602090787393,2399
2021-08-17,16.58,16.59,16.22,16.23,4397724.0,71964409.0,1247201704.0,0.0035260727963213,2399
2021-08-18,16.3,16.51,16.15,16.41,3848758.0,62795947.0,1247201704.0,0.0030859146420794,2399
2021-08-19,16.39,16.69,16.25,16.3,3195448.0,52281858.0,1247201704.0,0.0025620939979087,2399
2021-08-20,16.3,16.48,15.8,16.0,4367477.0,69983453.0,1247201704.0,0.0035018209051452,2399
2021-08-23,16.01,16.23,15.91,16.19,3247139.0,52107813.0,1247201704.0,0.0026035395795129,2399
2021-08-24,16.14,16.14,15.97,16.12,2902003.0,46572920.0,1247201704.0,0.00232681128537,2399
2021-08-25,16.16,17.17,16.0,16.91,10079278.0,169171839.0,1247201704.0,0.0080815139745832,2399
2021-08-26,16.62,16.91,16.61,16.7,4881986.0,81797065.0,1247201704.0,0.0039143516115657,2399
2021-08-27,16.15,16.29,15.25,15.61,9412767.0,148909370.0,1247201704.0,0.0075471088355729,2399
2021-08-30,15.6,15.76,15.3,15.69,3126311.0,48673426.0,1247201704.0,0.0025066603019971,2399
2021-08-31,15.67,15.8,15.35,15.8,2533436.0,39313324.0,1247201704.0,0.0020312961342778,2399
2021-09-01,15.61,16.14,15.61,15.96,3121153.0,49728173.0,1247201704.0,0.0025025246437604,2399
2021-09-02,16.0,16.04,15.9,15.99,1952860.0,31164886.0,1247201704.0,0.0015657932423735,2399
2021-09-03,15.94,16.24,15.87,16.07,2356164.0,37852782.0,1247201704.0,0.0018891603438668,2399
2021-09-06,16.07,16.27,16.0,16.17,2887280.0,46647249.0,1247201704.0,0.0023150064586505,2399
2021-09-07,16.2,16.28,15.96,16.08,3264447.0,52389377.0,1247201704.0,0.0026174170461203,2399
2021-09-08,16.09,16.51,16.09,16.39,4201980.0,68766520.0,1247201704.0,0.0033691262500071,2399
2021-09-09,16.42,16.5,16.27,16.39,2693411.0,44149773.0,1247201704.0,0.0021595632778256,2399
2021-09-10,16.39,16.61,16.3,16.56,3501176.0,57660619.0,1247201704.0,0.0028072251575435,2399
2021-09-13,16.56,16.74,16.42,16.47,2789169.0,46160972.0,1247201704.0,0.0022363415565057,2399
2021-09-14,16.53,16.53,16.11,16.12,3097702.0,50443312.0,1247201704.0,0.0024837217509125,2399
2021-09-15,16.1,16.23,15.88,16.02,2150524.0,34510705.0,1247201704.0,0.0017242792349488,2399
2021-09-16,15.97,16.16,15.9,15.98,2281373.0,36580725.0,1247201704.0,0.0018291932994344,2399
2021-09-17,15.91,16.24,15.9,16.17,2261656.0,36351336.0,1247201704.0,0.0018133843088463,2399
2021-09-22,16.05,16.11,15.71,15.83,2442794.0,38790535.0,1247201704.0,0.0019586198384475,2399
2021-09-23,15.91,16.13,15.86,16.06,2114920.0,33883519.0,1247201704.0,0.0016957321283454,2399
2021-09-24,16.16,16.19,15.96,16.09,1625421.0,26109371.0,1247201704.0,0.0013032543130649,2399
2021-09-27,16.08,16.23,15.93,16.09,2243408.0,36120188.0,1247201704.0,0.0017987531550069,2399
2021-09-28,16.1,16.13,15.96,16.05,1481941.0,23747368.0,1247201704.0,0.0011882127768484,2399
2021-09-29,15.98,16.02,15.43,15.46,3078858.0,47974160.0,1247201704.0,0.0024686127272962,2399
2021-09-30,15.53,15.66,15.43,15.5,1685653.0,26186910.0,1247201704.0,0.001351548025146,2399
2021-10-08,15.6,16.1,15.58,15.93,2608245.0,41408585.0,1247201704.0,0.002091277611019,2399
2021-10-11,16.02,16.25,16.0,16.04,2020810.0,32580436.0,1247201704.0,0.001620275207706,2399
2021-10-12,16.03,16.23,15.93,16.12,2675942.0,43114342.0,1247201704.0,0.0021455567222348,2399
2021-10-13,16.21,16.23,15.98,16.16,1781803.0,28747879.0,1247201704.0,0.0014286406074377,2399
2021-10-14,16.13,16.25,16.02,16.2,2006140.0,32385194.0,1247201704.0,0.0016085128761177,2399
2021-10-15,16.21,16.22,15.96,16.03,1421948.0,22816914.0,1247201704.0,0.0011401106937551,2399
2021-10-18,16.01,16.14,15.56,15.58,2684570.0,42069671.0,1247201704.0,0.0021524746088704,2399
2021-10-19,15.58,15.67,15.51,15.6,2061286.0,32102992.0,1247201704.0,0.0016527286591968,2399
2021-10-20,15.63,15.64,15.51,15.54,1345591.0,20924930.0,1247201704.0,0.0010788880384659,2399
2021-10-21,15.44,15.53,15.33,15.33,2216416.0,34159681.0,1247201704.0,0.0017771111063202,2399
2021-10-22,15.31,15.48,15.2,15.3,1477969.0,22640475.0,1247201704.0,0.0011850280473959,2399
2021-10-25,15.29,15.48,15.21,15.31,1166393.0,17823223.0,1247201704.0,0.0009352079910243,2399
2021-10-26,15.4,15.4,15.06,15.09,2435194.0,36918786.0,1247201704.0,0.0019525261969975,2399
2021-10-27,15.07,15.49,14.8,14.81,2038727.0,30452490.0,1247201704.0,0.0016346409674244,2399
2021-10-28,14.83,15.25,14.81,15.2,2240594.0,33876288.0,1247201704.0,0.0017964969040805,2399
2021-10-29,15.2,15.44,15.15,15.36,1337444.0,20538372.0,1247201704.0,0.0010723558151905,2399
2021-11-01,15.43,15.48,15.13,15.25,1932779.0,29377987.0,1247201704.0,0.0015496923984318,2399
2021-11-02,15.16,15.35,15.13,15.23,2095807.0,31854392.0,1247201704.0,0.0016804074218936,2399
2021-11-03,15.28,15.4,15.25,15.38,1659777.0,25472850.0,1247201704.0,0.0013308007795986,2399
2021-11-04,15.29,15.41,15.1,15.27,1679996.0,25610683.0,1247201704.0,0.0013470122712404,2399
2021-11-05,15.3,15.4,15.11,15.11,1706160.0,25922553.0,1247201704.0,0.0013679904337269,2399
2021-11-08,15.01,15.19,14.96,15.11,1291624.0,19488902.0,1247201704.0,0.0010356175716065,2399
2021-11-09,15.14,15.17,15.01,15.06,1259642.0,18980123.0,1247201704.0,0.001009974566231,2399
2021-11-10,15.14,15.82,15.13,15.64,4705372.0,73173619.0,1247201704.0,0.0037727434022171,2399
2021-11-11,15.54,15.67,15.45,15.5,2645916.0,41100787.0,1247201704.0,0.0021214820277378,2399
2021-11-12,15.48,15.68,15.41,15.6,2110907.0,32899584.0,1247201704.0,0.0016925145253008,2399
2021-11-15,15.6,15.77,15.52,15.57,2208804.0,34509751.0,1247201704.0,0.0017710078433311,2399
2021-11-16,15.6,15.73,15.49,15.52,2218397.0,34662473.0,1247201704.0,0.0017786994620719,2399
2021-11-17,15.52,15.69,15.41,15.58,2135968.0,33166738.0,1247201704.0,0.0017126083079822,2399
2021-11-18,15.58,15.58,15.22,15.4,3178237.0,48826320.0,1247201704.0,0.0025482943054093,2399
2021-11-19,15.39,15.55,15.2,15.53,2448906.0,37686289.0,1247201704.0,0.0019635204090452,2399
2021-11-22,15.45,15.68,15.4,15.58,2361245.0,36750619.0,1247201704.0,0.0018932342638941,2399
2021-11-23,15.55,15.95,15.4,15.79,3728161.0,58595337.0,1247201704.0,0.0029892205791918,2399
2021-11-24,15.81,16.1,15.73,16.1,3376345.0,53918879.0,1247201704.0,0.0027071362949324,2399
2021-11-25,16.18,16.24,16.01,16.13,2709770.0,43688757.0,1247201704.0,0.0021726798410467,2399
2021-11-26,16.13,16.37,16.11,16.18,2765240.0,44777434.0,1247201704.0,0.0022171554056824,2399
2021-11-29,16.29,16.49,16.03,16.4,5100801.0,83355518.0,1247201704.0,0.0040897963686553,2399
2021-11-30,16.31,16.38,16.0,16.0,6170023.0,99141234.0,1247201704.0,0.0049470931447669,2399
2021-12-01,16.04,16.13,15.86,16.0,3157040.0,50398465.0,1247201704.0,0.0025312986583283,2399
2021-12-02,16.0,16.14,15.87,15.89,3197497.0,51222869.0,1247201704.0,0.0025637368757154,2399
2021-12-03,15.89,16.03,15.79,15.99,2324485.0,37022624.0,1247201704.0,0.0018637602823544,2399
2021-12-06,15.99,16.11,15.74,15.76,2188829.0,34775939.0,1247201704.0,0.0017549919896517,2399
2021-12-07,15.77,16.23,15.77,15.87,3205098.0,51221729.0,1247201704.0,0.0025698313189604,2399
2021-12-08,15.89,16.13,15.75,16.07,2481830.0,39615236.0,1247201704.0,0.0019899187052425,2399
2021-12-09,16.07,16.3,16.01,16.3,3128885.0,50676980.0,1247201704.0,0.0025087241221408,2399
2021-12-10,16.23,16.57,16.12,16.47,4629084.0,75922893.0,1247201704.0,0.003711576070778,2399
2021-12-13,16.44,16.55,16.18,16.32,3708987.0,60704845.0,1247201704.0,0.0029738469632494,2399
2021-12-14,16.31,16.46,16.24,16.35,1935202.0,31611192.0,1247201704.0,0.0015516351475414,2399
2021-12-15,16.34,16.34,16.11,16.11,1755932.0,28478727.0,1247201704.0,0.001407897370865,2399
2021-12-16,16.2,16.2,16.02,16.09,1681389.0,27050189.0,1247201704.0,0.0013481291715746,2399
2021-12-17,16.09,16.3,16.03,16.26,2249084.0,36442534.0,1247201704.0,0.0018033041430161,2399
2021-12-20,16.19,16.45,16.16,16.28,2474751.0,40347126.0,1247201704.0,0.0019842427989498,2399
2021-12-21,16.26,16.44,16.12,16.38,2786634.0,45396521.0,1247201704.0,0.0022343090063642,2399
2021-12-22,16.48,16.58,16.32,16.54,4057187.0,66927661.0,1247201704.0,0.0032530319570506,2399
2021-12-23,16.48,16.99,16.48,16.71,4390363.0,73522144.0,1247201704.0,0.003520170783859,2399
2021-12-24,16.66,16.78,16.56,16.69,2958612.0,49339059.0,1247201704.0,0.0023722000944283,2399
2021-12-27,16.71,16.86,16.45,16.85,4089146.0,68233985.0,1247201704.0,0.0032786565211427,2399
2021-12-28,16.76,16.99,16.56,16.64,2763489.0,46219445.0,1247201704.0,0.0022157514627641,2399
2021-12-29,16.58,16.98,16.55,16.91,4506823.0,75946399.0,1247201704.0,0.0036135478211309,2399
2021-12-30,16.86,17.03,16.65,16.94,3986785.0,67070956.0,1247201704.0,0.0031965839905555,2399
2021-12-31,16.89,17.14,16.74,17.1,4346891.0,73983318.0,1247201704.0,0.003485315154765,2399
2022-01-04,17.1,17.29,16.91,17.17,6167249.0,105463609.0,1247201704.0,0.0049448689656376,2399
2022-01-05,17.11,17.17,16.75,16.78,4150018.0,70073564.0,1247201704.0,0.0033274633819775,2399
2022-01-06,16.87,16.93,16.67,16.88,3024042.0,50799428.0,1247201704.0,0.0024246615365432,2399
2022-01-07,16.88,17.01,16.7,16.74,3057706.0,51518760.0,1247201704.0,0.002451653160987,2399
2022-01-10,16.77,17.0,16.76,16.84,2705567.0,45682511.0,1247201704.0,0.0021693098969659,2399
2022-01-11,16.82,17.16,16.78,17.06,3475052.0,59227441.0,1247201704.0,0.0027862790668541,2399
2022-01-12,17.07,17.25,16.9,17.02,3287381.0,56190527.0,1247201704.0,0.0026358054109906,2399
2022-01-13,16.96,17.2,16.9,16.96,2936491.0,49901087.0,1247201704.0,0.0023544635888342,2399
2022-01-14,16.85,18.08,16.79,17.85,11769860.0,207425866.0,1247201704.0,0.0094370140469275,2399
2022-01-17,17.85,17.85,17.35,17.62,8598936.0,151357677.0,1247201704.0,0.006894583267824,2399
2022-01-18,18.16,18.89,17.75,17.8,11662030.0,212552316.0,1247201704.0,0.0093505564998811,2399
2022-01-19,17.5,17.92,17.28,17.41,6573756.0,115167696.0,1247201704.0,0.0052708042162841,2399
2022-01-20,17.45,18.06,17.35,17.95,7398789.0,131689626.0,1247201704.0,0.0059323114908123,2399
2022-01-21,17.75,17.78,16.85,16.95,6994439.0,120218212.0,1247201704.0,0.0056081057118247,2399
2022-01-24,16.86,16.88,16.2,16.26,5448688.0,89551078.0,1247201704.0,0.0043687304006441,2399
2022-01-25,16.3,16.44,15.7,16.18,4422579.0,71162807.0,1247201704.0,0.0035460014092475,2399
2022-01-26,16.1,16.28,15.89,15.93,2362656.0,37923260.0,1247201704.0,0.001894365596537,2399
2022-01-27,16.0,16.0,15.4,15.48,3286069.0,51354798.0,1247201704.0,0.0026347534560456,2399
2022-01-28,15.87,15.91,15.41,15.48,1889502.0,29504160.0,1247201704.0,0.0015149931193487,2399
2022-02-07,15.33,15.88,15.33,15.65,3220296.0,50280219.0,1247201704.0,0.0025820169982705,2399
2022-02-08,15.66,15.75,15.42,15.67,1726507.0,26962893.0,1247201704.0,0.0013843045551194,2399
2022-02-09,15.64,16.05,15.64,15.91,1823737.0,28910216.0,1247201704.0,0.001462263075933,2399
2022-02-10,15.88,15.98,15.78,15.98,1367390.0,21743414.0,1247201704.0,0.0010963663660934,2399
2022-02-11,16.0,16.43,15.78,16.35,3663774.0,59291783.0,1247201704.0,0.0029375954091865,2399
2022-02-14,16.48,16.64,16.12,16.56,3260081.0,53436962.0,1247201704.0,0.0026139164094663,2399
2022-02-15,16.5,16.77,16.25,16.45,2534949.0,41889881.0,1247201704.0,0.0020325092500033,2399
2022-02-16,16.45,16.5,16.29,16.45,1649315.0,27000359.0,1247201704.0,0.0013224124010658,2399
2022-02-17,16.35,16.45,16.06,16.18,1895943.0,30825337.0,1247201704.0,0.0015201574804775,2399
2022-02-18,16.26,16.39,16.15,16.35,1270737.0,20688987.0,1247201704.0,0.001018870480953,2399
2022-02-21,16.35,16.36,16.12,16.26,1717860.0,27871441.0,1247201704.0,0.0013773714343802,2399
2022-02-22,16.24,16.26,15.99,16.05,1905668.0,30614195.0,1247201704.0,0.0015279549361488,2399
2022-02-23,15.98,16.15,15.98,16.05,1119843.0,18011887.0,1247201704.0,0.0008978844371431,2399
2022-02-24,15.99,16.08,15.59,15.67,2982683.0,47155359.0,1247201704.0,0.0023915001001313,2399
2022-02-25,15.72,16.05,15.72,15.84,1544562.0,24573941.0,1247201704.0,0.0012384219770116,2399
2022-02-28,15.92,16.03,15.62,15.97,1772178.0,28040821.0,1247201704.0,0.0014209233312593,2399
2022-03-01,16.02,16.17,15.74,15.79,1682311.0,26735995.0,1247201704.0,0.0013488684264979,2399
2022-03-02,15.68,15.86,15.64,15.83,1171517.0,18477428.0,1247201704.0,0.0009393163882335,2399
2022-03-03,15.83,15.94,15.72,15.91,1450727.0,22981777.0,1247201704.0,0.0011631855499774,2399
2022-03-04,15.81,16.06,15.75,15.86,1745080.0,27759809.0,1247201704.0,0.0013991962923103,2399
2022-03-07,15.8,15.82,15.54,15.56,1749922.0,27355508.0,1247201704.0,0.0014030785833499,2399
2022-03-08,15.53,15.64,14.7,14.77,3595469.0,54248357.0,1247201704.0,0.0028828288066546,2399
2022-03-09,14.8,14.92,14.1,14.46,3460021.0,50340532.0,1247201704.0,0.0027742272872969,2399
2022-03-10,14.82,15.03,14.66,14.77,2320083.0,34380288.0,1247201704.0,0.001860230781083,2399
2022-03-11,14.71,15.21,14.4,15.16,2238221.0,33322978.0,1247201704.0,0.0017945942447172,2399
2022-03-14,15.27,15.8,15.0,15.07,4971138.0,76323935.0,1247201704.0,0.0039858332329539,2399
2022-03-15,15.0,15.04,14.3,14.3,3513909.0,51579439.0,1247201704.0,0.002817434412357,2399
2022-03-16,14.51,14.84,13.88,14.64,4244057.0,61064500.0,1247201704.0,0.003402863375177,2399
2022-03-17,14.65,14.99,14.56,14.6,2867126.0,42377533.0,1247201704.0,0.002298847083679,2399
2022-03-18,14.63,15.06,14.56,14.92,2853690.0,42491028.0,1247201704.0,0.0022880741670314,2399
2022-03-21,14.98,15.2,14.7,15.01,2803077.0,41904008.0,1247201704.0,0.0022474929203592,2399
2022-03-22,14.94,15.01,14.68,14.82,1690657.0,25025441.0,1247201704.0,0.0013555602069639,2399
2022-03-23,14.92,14.95,14.7,14.85,1549358.0,23023787.0,1247201704.0,0.0012422673854845,2399
2022-03-24,14.83,15.06,14.72,14.96,2028918.0,30219117.0,1247201704.0,0.0016267761609793,2399
2022-03-25,14.98,15.1,14.64,14.64,2865194.0,42536453.0,1247201704.0,0.0022972980158789,2399
2022-03-28,14.72,14.75,14.38,14.57,1775950.0,25816179.0,1247201704.0,0.0014239477017263,2399
2022-03-29,14.52,14.71,14.41,14.46,1559351.0,22664798.0,1247201704.0,0.0012502797221964,2399
2022-03-30,14.53,14.76,14.38,14.75,1802725.0,26404579.0,1247201704.0,0.0014454157609136,2399
2022-03-31,14.79,15.0,14.63,14.71,1934909.0,28605800.0,1247201704.0,0.0015514002216276,2399
2022-04-01,14.63,14.78,14.48,14.6,1954220.0,28474261.0,1247201704.0,0.0015668836834751,2399
2022-04-06,14.68,14.78,14.52,14.57,2225959.0,32563252.0,1247201704.0,0.0017847626353146,2399
2022-04-07,14.61,14.69,14.05,14.06,3995101.0,57175121.0,1247201704.0,0.0032032517171737,2399
2022-04-08,14.13,14.16,13.52,13.53,5492566.0,75514614.0,1247201704.0,0.0044039115584787,2399
2022-04-11,13.56,13.61,13.13,13.2,2673132.0,35523624.0,1247201704.0,0.0021433036784882,2399
2022-04-12,13.31,13.5,13.06,13.4,2562411.0,34027712.0,1247201704.0,0.002054528142306,2399
2022-04-13,13.4,13.4,13.06,13.1,1683493.0,22140307.0,1247201704.0,0.0013498161481023,2399
2022-04-14,13.35,13.35,13.12,13.15,1282300.0,16955564.0,1247201704.0,0.0010281416357012,2399
2022-04-15,13.18,13.3,13.1,13.19,1603860.0,21163582.0,1247201704.0,0.0012859668126303,2399
2022-04-18,13.25,13.28,12.92,12.93,2446000.0,31856368.0,1247201704.0,0.0019611903929855,2399
2022-04-19,12.98,12.98,12.68,12.69,2171915.0,27726956.0,1247201704.0,0.0017414304302457,2399
2022-04-20,12.68,12.76,12.39,12.4,2372661.0,29856818.0,1247201704.0,0.001902387554788,2399
2022-04-21,12.43,12.47,11.8,11.9,3516007.0,42560274.0,1247201704.0,0.0028191165781152,2399
2022-04-22,11.91,11.95,11.52,11.75,3241453.0,38029834.0,1247201704.0,0.0025989805735544,2399
2022-04-25,11.77,12.15,11.2,11.26,5013871.0,59083304.0,1247201704.0,0.0040200963355964,2399
2022-04-26,11.43,11.76,11.2,11.38,4548351.0,52132571.0,1247201704.0,0.0036468447608856,2399
2022-04-27,11.24,11.45,10.81,11.42,4478695.0,49799433.0,1247201704.0,0.0035909949334065,2399
2022-04-28,11.46,11.47,11.1,11.29,2353457.0,26596157.0,1247201704.0,0.0018869898849977,2399
2022-04-29,11.33,11.89,11.23,11.76,4005711.0,46652335.0,1247201704.0,0.0032117587613558,2399
2022-05-05,12.3,12.94,11.99,12.94,5141732.0,64873247.0,1247201704.0,0.0041226146368382,2399
2022-05-06,12.94,13.87,12.72,12.87,11961995.0,158614540.0,1247201704.0,0.0095910669153479,2399
2022-05-09,12.87,13.35,12.76,13.22,7731273.0,101428392.0,1247201704.0,0.0061988954755308,2399
2022-05-10,13.1,14.07,13.02,13.95,12261496.0,168058106.0,1247201704.0,0.0098312052979683,2399
2022-05-11,13.95,14.19,13.88,13.95,10133440.0,142194647.0,1247201704.0,0.0081249407914535,2399
2022-05-12,14.65,15.35,14.55,15.35,19790833.0,302291389.0,1247201704.0,0.0158681895129931,2399
2022-05-13,15.68,16.89,15.56,16.89,29652110.0,482622920.0,1247201704.0,0.0237749113915578,2399
2022-05-16,17.05,17.05,15.38,15.5,22539713.0,356882040.0,1247201704.0,0.0180722275536595,2399
2022-05-17,15.99,16.17,15.12,15.99,15987686.0,252781222.0,1247201704.0,0.0128188455393579,2399
2022-05-18,16.16,16.32,15.64,15.85,8933229.0,142355678.0,1247201704.0,0.0071626176995665,2399
2022-05-19,15.6,15.9,15.45,15.65,7029060.0,109902987.0,1247201704.0,0.0056358646540142,2399
2022-05-20,15.58,16.54,15.58,15.98,9536869.0,153583279.0,1247201704.0,0.0076466131896817,2399
2022-05-23,15.84,16.37,15.72,16.18,9872291.0,160005644.0,1247201704.0,0.0079155528478976,2399
2022-05-24,16.1,16.83,16.06,16.22,11639615.0,191156960.0,1247201704.0,0.0093325842665782,2399
2022-05-25,16.24,16.29,15.75,16.11,9111847.0,145467952.0,1247201704.0,0.0073058327059501,2399
2022-05-26,15.89,15.94,15.51,15.76,7637078.0,119676216.0,1247201704.0,0.0061233704023226,2399
2022-05-27,15.93,16.3,15.58,16.05,11039154.0,177052635.0,1247201704.0,0.0088511376825379,2399
2022-05-30,15.93,16.34,15.68,16.15,8461992.0,136086240.0,1247201704.0,0.0067847822632545,2399
2022-05-31,16.06,17.04,15.87,16.82,10481716.0,173255997.0,1247201704.0,0.0084041867216692,2399
2022-06-01,16.89,16.95,16.54,16.69,4347863.0,72616234.0,1247201704.0,0.0034860944994347,2399
2022-06-02,16.7,17.61,16.57,17.44,7260516.0,125343752.0,1247201704.0,0.005821444900784,2399
2022-06-06,17.4,17.4,16.81,16.95,6243250.0,106121792.0,1247201704.0,0.0050058061819325,2399
2022-06-07,16.93,17.3,16.82,17.15,4907155.0,83872026.0,1247201704.0,0.0039345319880993,2399
2022-06-08,17.2,17.45,17.02,17.31,4741207.0,81623027.0,1247201704.0,0.0038014757234488,2399
2022-06-09,17.22,17.59,16.95,16.97,3604560.0,61709942.0,1247201704.0,0.0028901179243417,2399
2022-06-10,16.82,17.36,16.81,17.2,3948875.0,67605735.0,1247201704.0,0.003166187944849,2399
2022-06-13,17.4,18.57,17.14,18.42,11454903.0,206184546.0,1247201704.0,0.0091844831219056,2399
2022-06-14,18.42,18.55,18.05,18.32,6760075.0,123754169.0,1247201704.0,0.0054201938454054,2399
2022-06-15,18.39,18.41,17.63,17.7,7244252.0,129154954.0,1247201704.0,0.005808404508081,2399
2022-06-16,17.55,18.0,17.52,17.78,3796482.0,67771857.0,1247201704.0,0.0030440000104425,2399
2022-06-17,17.73,18.07,17.31,17.99,5087976.0,90210427.0,1247201704.0,0.0040795133487085,2399
2022-06-20,18.0,18.25,17.75,17.97,3990065.0,71810216.0,1247201704.0,0.0031992138779181,2399
2022-06-21,18.13,18.19,17.66,17.85,2728151.0,48765849.0,1247201704.0,0.0021874176336115,2399
2022-06-22,17.89,17.93,17.47,17.5,3681402.0,64944848.0,1247201704.0,0.0029517294501707,2399
2022-06-23,17.5,17.77,17.22,17.72,2641321.0,46261503.0,1247201704.0,0.0021177977800453,2399
2022-06-24,17.57,17.78,17.32,17.35,2567172.0,44922235.0,1247201704.0,0.0020583454879564,2399
2022-06-27,17.5,17.88,17.45,17.5,3485680.0,61582341.0,1247201704.0,0.0027948005433449,2399
2022-06-28,17.5,17.5,17.04,17.17,6989668.0,120060166.0,1247201704.0,0.005604280348225,2399
2022-06-29,17.44,17.5,17.07,17.13,5226826.0,90305781.0,1247201704.0,0.00419084257441,2399
2022-06-30,17.03,17.87,17.02,17.58,3806389.0,66688740.0,1247201704.0,0.0030519433927906,2399
2022-07-01,17.72,17.91,17.37,17.38,3051623.0,53706708.0,1247201704.0,0.0024467758424422,2399
2022-07-04,17.41,17.9,17.3,17.75,7941115.0,140512522.0,1247201704.0,0.0063671457267348,2399
2022-07-05,17.88,18.1,17.35,17.46,4950591.0,87417213.0,1247201704.0,0.0039693587525759,2399
2022-07-06,17.57,17.79,17.15,17.3,3248644.0,56649669.0,1247201704.0,0.002604746280879,2399
2022-07-07,17.25,17.42,16.72,17.18,3708509.0,63418492.0,1247201704.0,0.002973463705274,2399
2022-07-08,17.3,17.49,16.98,17.26,2783445.0,48095784.0,1247201704.0,0.00223175208234,2399
2022-07-11,17.3,17.43,17.07,17.09,2414947.0,41549927.0,1247201704.0,0.0019362922550978,2399
2022-07-12,17.1,17.19,16.8,16.8,2356575.0,39998158.0,1247201704.0,0.0018894898815821,2399
2022-07-13,16.76,16.94,16.47,16.61,2668444.0,44310725.0,1247201704.0,0.0021395448638675,2399
2022-07-14,17.23,17.4,16.56,16.62,5426223.0,91531125.0,1247201704.0,0.0043507180775949,2399
2022-07-15,16.56,16.74,16.17,16.23,4363511.0,71737509.0,1247201704.0,0.0034986409864622,2399
2022-07-18,16.24,16.5,16.1,16.32,2897835.0,47294166.0,1247201704.0,0.0023234694041117,2399
2022-07-19,16.49,16.49,16.13,16.22,2187826.0,35521401.0,1247201704.0,0.0017541877893393,2399
2022-07-20,16.3,16.94,16.19,16.49,3187802.0,52859553.0,1247201704.0,0.0025559634738921,2399
2022-07-21,16.49,16.6,16.34,16.43,2262758.0,37279422.0,1247201704.0,0.0018142678868565,2399
2022-07-22,16.46,16.64,16.12,16.23,2154367.0,35166377.0,1247201704.0,0.0017273605328557,2399
2022-07-25,16.15,16.35,16.0,16.16,2661876.0,43020201.0,1247201704.0,0.0021342786747828,2399
2022-07-26,16.16,16.55,16.15,16.3,3466772.0,56593342.0,1247201704.0,0.0027796402048533,2399
2022-07-27,16.39,16.47,16.15,16.33,3065822.0,50056317.0,1247201704.0,0.0024581605286196,2399
2022-07-28,16.3,16.66,16.15,16.3,3106430.0,51091876.0,1247201704.0,0.0024907198170409,2399
2022-07-29,16.28,16.33,15.95,15.95,2626800.0,42336945.0,1247201704.0,0.0021061549159012,2399
2022-08-01,15.91,16.05,15.67,15.89,3675916.0,58322334.0,1247201704.0,0.0029473308031978,2399
2022-08-02,15.85,15.89,15.3,15.49,3669857.0,56944898.0,1247201704.0,0.0029424727277312,2399
2022-08-03,15.49,15.85,15.15,15.15,4186889.0,64733465.0,1247201704.0,0.0033570263627542,2399
2022-08-04,15.2,15.75,15.19,15.39,3342826.0,51503592.0,1247201704.0,0.0026802609307531,2399
2022-08-05,15.15,15.67,15.15,15.53,3023666.0,46744126.0,1247201704.0,0.0024243600616504,2399
2022-08-08,15.5,15.63,15.42,15.47,2968543.0,46126859.0,1247201704.0,0.0023801627198546,2399
2022-08-09,15.47,15.58,15.11,15.33,2623863.0,40017487.0,1247201704.0,0.0021038000441987,2399
2022-08-10,15.37,15.44,15.18,15.22,2464360.0,37634655.0,1247201704.0,0.0019759113478568,2399
2022-08-11,15.22,15.53,15.2,15.51,2314769.0,35640332.0,1247201704.0,0.0018559700428375,2399
2022-08-12,15.53,15.63,15.29,15.35,2591703.0,39942818.0,1247201704.0,0.0020780143193261,2399
2022-08-15,15.39,15.49,15.18,15.25,2656100.0,40632819.0,1247201704.0,0.0021296475072808,2399
2022-08-16,15.51,15.52,15.22,15.29,3006600.0,46189145.0,1247201704.0,0.0024106766294155,2399
2022-08-17,15.46,15.46,15.18,15.4,2014151.0,30808245.0,1247201704.0,0.001614936055283,2399
2022-08-18,15.35,15.5,15.2,15.33,2660542.0,40827538.0,1247201704.0,0.0021332090803493,2399
2022-08-19,15.32,15.48,15.11,15.11,2941104.0,44767105.0,1247201704.0,0.0023581622688353,2399
2022-08-22,15.15,15.4,14.82,15.35,3332009.0,50593023.0,1247201704.0,0.002671587915021,2399
2022-08-23,15.46,15.46,15.08,15.24,2762866.0,41979574.0,1247201704.0,0.0022152519445242,2399
2022-08-24,15.33,15.48,14.8,14.9,3597748.0,54087646.0,1247201704.0,0.0028846560972947,2399
2022-08-25,14.98,15.08,14.68,14.9,3079003.0,45705057.0,1247201704.0,0.0024687289875607,2399
2022-08-26,14.93,15.39,14.8,15.27,4049199.0,61730388.0,1247201704.0,0.0032466272191687,2399
2022-08-29,15.39,16.26,15.27,16.09,7967230.0,126464642.0,1247201704.0,0.0063880846012699,2399
2022-08-30,16.29,16.5,15.99,16.38,9071167.0,147751512.0,1247201704.0,0.0072732156882941,2399
2022-08-31,16.19,16.43,15.63,15.74,6979587.0,110742017.0,1247201704.0,0.0055961974535596,2399
2022-09-01,15.96,16.6,15.7,16.26,9253758.0,150467080.0,1247201704.0,0.0074196162259252,2399
2022-09-02,16.21,16.43,16.0,16.08,5134252.0,82834732.0,1247201704.0,0.0041166172107795,2399
2022-09-05,16.0,16.27,15.8,16.18,4082244.0,65575090.0,1247201704.0,0.0032731225325522,2399
2022-09-06,16.22,16.32,16.08,16.12,3922215.0,63460548.0,1247201704.0,0.0031448120920784,2399
2022-09-07,16.12,16.18,15.9,16.02,2776502.0,44550839.0,1247201704.0,0.0022261852201574,2399
2022-09-08,15.97,16.12,15.76,16.0,2908938.0,46422373.0,1247201704.0,0.0023323717331932,2399
2022-09-09,16.0,16.17,16.0,16.06,2941488.0,47306474.0,1247201704.0,0.0023584701580875,2399
2022-09-13,16.1,16.11,15.83,15.96,2707543.0,43196123.0,1247201704.0,0.0021708942437429,2399
2022-09-14,15.79,15.99,15.65,15.95,2387875.0,37846977.0,1247201704.0,0.0019145860628169,2399
2022-09-15,16.0,16.08,15.33,15.51,3859716.0,60514996.0,1247201704.0,0.0030947007108963,2399
2022-09-16,15.6,15.62,14.9,14.9,3226800.0,49054360.0,1247201704.0,0.0025872318724798,2399
2022-09-19,14.98,15.27,14.63,14.84,3518984.0,52416338.0,1247201704.0,0.0028215035216148,2399
2022-09-20,14.91,15.02,14.73,14.81,2039156.0,30250402.0,1247201704.0,0.0016349849374484,2399
2022-09-21,14.81,14.88,14.38,14.56,2509263.0,36541819.0,1247201704.0,0.0020119143454922,2399
2022-09-22,14.48,14.61,14.4,14.4,1668821.0,24131710.0,1247201704.0,0.0013380522129241,2399
2022-09-23,14.35,14.5,14.08,14.3,2048100.0,29281657.0,1247201704.0,0.0016421561912811,2399
2022-09-26,14.27,14.48,13.98,14.19,2333500.0,33184029.0,1247201704.0,0.001870988463627,2399
2022-09-27,14.19,14.88,14.16,14.86,2678499.0,39026935.0,1247201704.0,0.0021476069118648,2399
2022-09-28,15.2,15.22,14.58,14.68,2640529.0,39034846.0,1247201704.0,0.0021171627584626,2399
2022-09-29,14.74,15.26,14.74,14.96,3230808.0,48517021.0,1247201704.0,0.0025904454665498,2399
2022-09-30,14.95,15.35,14.89,15.04,2837179.0,42801284.0,1247201704.0,0.0022748357309813,2399
2022-10-10,14.98,15.13,14.62,14.68,4043958.0,60045182.0,1247201704.0,0.0032424250119529,2399
2022-10-11,14.68,14.88,14.27,14.54,2658646.0,38605099.0,1247201704.0,0.0021316888771665,2399
2022-10-12,14.74,14.89,14.3,14.87,2755504.0,40318677.0,1247201704.0,0.002209349130267,2399
2022-10-13,14.85,15.24,14.72,15.14,3103225.0,46471491.0,1247201704.0,0.0024881500642978,2399
2022-10-14,15.18,15.88,15.12,15.8,5980131.0,93602422.0,1247201704.0,0.0047948387023691,2399
2022-10-17,15.79,16.09,15.64,15.7,7870846.0,125072832.0,1247201704.0,0.0063108043989651,2399
2022-10-18,15.76,15.93,15.51,15.89,8876576.0,139752448.0,1247201704.0,0.0071171936115314,2399
2022-10-19,15.77,16.13,15.33,15.44,5261413.0,81677012.0,1247201704.0,0.004218574255572,2399
2022-10-20,15.4,15.6,15.15,15.37,3542043.0,54639898.0,1247201704.0,0.002839992110851,2399
2022-10-21,15.3,15.57,15.08,15.45,2780045.0,42686139.0,1247201704.0,0.002229025979586,2399
2022-10-24,15.53,15.63,15.0,15.12,3226650.0,49197371.0,1247201704.0,0.0025871116032407,2399
2022-10-25,15.1,15.26,14.9,15.0,3391778.0,51048224.0,1247201704.0,0.0027195103960505,2399
2022-10-26,15.0,15.72,14.98,15.48,4830318.0,74826086.0,1247201704.0,0.0038729244712449,2399
2022-10-27,15.6,15.64,15.32,15.55,3502552.0,54407844.0,1247201704.0,0.0028083284273639,2399
2022-10-28,15.59,15.6,15.13,15.13,3837705.0,58737085.0,1247201704.0,0.0030770524027443,2399
2022-10-31,14.98,15.13,14.02,14.23,7249143.0,104255755.0,1247201704.0,0.0058123260870721,2399
2022-11-01,14.29,14.75,14.0,14.33,9143712.0,130469508.0,1247201704.0,0.0073313819013191,2399
2022-11-02,14.2,14.54,14.0,14.1,7447260.0,106185732.0,1247201704.0,0.0059711752927496,2399
2022-11-03,14.08,14.19,13.86,14.1,6507045.0,91397013.0,1247201704.0,0.0052173156748669,2399
2022-11-04,14.1,14.37,14.02,14.18,4855387.0,68864433.0,1247201704.0,0.0038930246682857,2399
2022-11-07,14.18,14.34,14.02,14.19,5954993.0,84578686.0,1247201704.0,0.0047746831814783,2399
2022-11-08,14.2,14.25,13.92,14.03,5037472.0,70511076.0,1247201704.0,0.0040390194976834,2399
2022-11-09,13.96,14.42,13.96,14.19,5202399.0,73816800.0,1247201704.0,0.0041712571297128,2399
2022-11-10,14.19,14.19,13.92,13.95,4948555.0,69347200.0,1247201704.0,0.0039677262981032,2399
2022-11-11,14.16,14.39,13.91,13.92,8497819.0,120222822.0,1247201704.0,0.0068135081701267,2399
2022-11-14,13.85,14.24,13.5,14.21,8491893.0,118978927.0,1247201704.0,0.0068087567333856,2399
2022-11-15,14.25,14.33,14.02,14.27,7664889.0,108807498.0,1247201704.0,0.006145669121055,2399
2022-11-16,14.27,14.37,14.12,14.17,4717828.0,67130304.0,1247201704.0,0.0037827305598357,2399
2022-11-17,14.1,14.26,14.05,14.24,3510163.0,49833698.0,1247201704.0,0.0028144308885581,2399
2022-11-18,14.25,14.6,14.21,14.46,6493310.0,93698433.0,1247201704.0,0.0052063030215359,2399
2022-11-21,14.36,14.43,14.08,14.18,5427349.0,76963858.0,1247201704.0,0.0043516208986834,2399
2022-11-22,14.17,14.45,13.93,14.0,5650229.0,79958496.0,1247201704.0,0.0045303249521538,2399
2022-11-23,13.99,14.04,13.68,13.7,4415080.0,60873472.0,1247201704.0,0.0035399887490852,2399
2022-11-24,13.78,13.86,13.62,13.75,2753591.0,37820433.0,1247201704.0,0.0022078152965705,2399
2022-11-25,13.72,13.85,13.6,13.73,3362502.0,46136576.0,1247201704.0,0.0026960370477492,2399
2022-11-28,13.61,13.82,13.41,13.51,4053789.0,55043800.0,1247201704.0,0.0032503074578865,2399
2022-11-29,13.47,13.85,13.43,13.83,4491299.0,61811379.0,1247201704.0,0.0036011007566743,2399
2022-11-30,13.83,13.96,13.69,13.71,4008725.0,55251195.0,1247201704.0,0.0032141753712677,2399
2022-12-01,13.77,13.89,13.64,13.75,3909584.0,53668627.0,1247201704.0,0.0031346846203475,2399
2022-12-02,13.78,13.82,13.7,13.79,2685817.0,36967162.0,1247201704.0,0.0021534744471452,2399
2022-12-05,13.82,13.98,13.79,13.86,4568658.0,63305855.0,1247201704.0,0.003663126810481,2399
2022-12-06,13.8,13.88,13.67,13.72,4260606.0,58625394.0,1247201704.0,0.0034161322794344,2399
2022-12-07,13.7,14.05,13.64,14.02,6452990.0,89746602.0,1247201704.0,0.0051739746500538,2399
2022-12-08,13.97,14.14,13.87,13.94,4271295.0,59671089.0,1247201704.0,0.0034247026654158,2399
2022-12-09,13.91,14.13,13.91,14.02,4149937.0,58256345.0,1247201704.0,0.0033273984365884,2399
2022-12-12,14.09,14.22,13.97,14.19,5520550.0,77966314.0,1247201704.0,0.0044263489877335,2399
2022-12-13,14.24,14.25,13.85,14.04,4820953.0,67410897.0,1247201704.0,0.0038654156617476,2399
2022-12-14,14.07,14.1,13.73,13.74,4120281.0,57163981.0,1247201704.0,0.0033036204062145,2399
2022-12-15,13.73,13.93,13.5,13.68,3527560.0,48467459.0,1247201704.0,0.0028283797149141,2399
2022-12-16,13.68,13.91,13.61,13.91,3751016.0,51775569.0,1247201704.0,0.0030075456022629,2399
2022-12-19,13.91,14.02,13.22,13.25,6790782.0,91339001.0,1247201704.0,0.0054448145622482,2399
2022-12-20,13.18,13.29,12.88,12.93,5022357.0,65184286.0,1247201704.0,0.0040269003673522,2399
2022-12-21,13.0,13.03,12.72,12.74,3343936.0,42850810.0,1247201704.0,0.0026811509231228,2399
2022-12-22,12.9,12.93,12.6,12.63,2888400.0,36798757.0,1247201704.0,0.0023159044689695,2399
2022-12-23,12.67,12.75,12.61,12.73,1481505.0,18783804.0,1247201704.0,0.00118786319426,2399
2022-12-26,12.8,12.9,12.65,12.69,2466086.0,31420317.0,1247201704.0,0.0019772952459019,2399
2022-12-27,12.69,12.79,12.5,12.78,2345947.0,29661477.0,1247201704.0,0.0018809684050912,2399
2022-12-28,12.71,12.82,12.61,12.65,2303349.0,29252373.0,1247201704.0,0.001846813544764,2399
2022-12-29,12.56,12.87,12.54,12.86,2268939.0,29031477.0,1247201704.0,0.0018192237813042,2399
2022-12-30,12.86,12.88,12.72,12.85,1851420.0,23731349.0,1247201704.0,0.0014844591649146,2399
2023-01-03,12.86,13.21,12.86,13.17,3990553.0,52341051.0,1247201704.0,0.0031996051538428,2399
2023-01-04,13.17,13.19,13.04,13.06,2703262.0,35383769.0,1247201704.0,0.0021674617596577,2399
2023-01-05,13.04,13.22,13.01,13.21,2297183.0,30246319.0,1247201704.0,0.0018418696772402,2399
2023-01-06,13.23,13.25,13.08,13.17,1619682.0,21327930.0,1247201704.0,0.0012986528119753,2399
2023-01-09,13.2,13.4,13.12,13.3,2798384.0,37213689.0,1247201704.0,0.0022437300967638,2399
2023-01-10,13.3,13.48,13.14,13.43,2890381.0,38580169.0,1247201704.0,0.0023174928247211,2399
2023-01-11,13.37,13.47,13.3,13.35,2097364.0,28040213.0,1247201704.0,0.0016816558165959,2399
2023-01-12,13.38,13.41,13.23,13.32,1804895.0,24067556.0,1247201704.0,0.0014471556559066,2399
2023-01-13,13.26,13.56,13.26,13.55,2921071.0,39359620.0,1247201704.0,0.0023420999110501,2399
2023-01-16,13.54,13.73,13.46,13.6,3366430.0,45966540.0,1247201704.0,0.0026991864982249,2399
2023-01-17,13.67,13.68,13.53,13.56,2630700.0,35757510.0,1247201704.0,0.0021092819161189,2399
2023-01-18,13.52,13.64,13.45,13.51,2349702.0,31789134.0,1247201704.0,0.0018839791450445,2399
2023-01-19,13.63,13.66,13.5,13.64,2472395.0,33609925.0,1247201704.0,0.0019823537701003,2399
2023-01-20,13.64,13.76,13.63,13.7,2302300.0,31525018.0,1247201704.0,0.0018459724618849,2399
2023-01-30,13.82,13.85,13.64,13.64,3169352.0,43495406.0,1247201704.0,0.0025411703574773,2399
2023-01-31,13.76,13.87,13.7,13.78,4110974.0,56671744.0,1247201704.0,0.0032961581008231,2399
2023-02-01,13.78,13.85,13.61,13.77,3105843.0,42655840.0,1247201704.0,0.0024902491634183,2399
2023-02-02,13.78,13.94,13.77,13.86,3594983.0,49901210.0,1247201704.0,0.0028824391343198,2399
2023-02-03,13.88,13.9,13.64,13.75,2666768.0,36687351.0,1247201704.0,0.0021382010555687,2399
2023-02-06,13.7,13.74,13.44,13.56,4222740.0,57300728.0,1247201704.0,0.0033857715127047,2399
2023-02-07,13.6,13.69,13.48,13.54,2241999.0,30339139.0,1247201704.0,0.0017976234259538,2399
2023-02-08,13.56,13.77,13.54,13.68,3357496.0,45975509.0,1247201704.0,0.0026920232623415,2399
2023-02-09,13.82,13.85,13.66,13.85,3150426.0,43449251.0,1247201704.0,0.0025259955866769,2399
2023-02-10,13.86,13.96,13.69,13.77,2407563.0,33242890.0,1247201704.0,0.0019303718013521,2399
2023-02-13,13.77,14.0,13.77,13.9,3174524.0,44139170.0,1247201704.0,0.002545317240843,2399
2023-02-14,13.91,13.97,13.82,13.9,2110362.0,29304189.0,1247201704.0,0.0016920775470653,2399
2023-02-15,13.93,14.07,13.79,13.95,3401734.0,47374639.0,1247201704.0,0.00272749306635,2399
2023-02-16,13.91,14.11,13.62,13.74,3917637.0,54624946.0,1247201704.0,0.0031411414748997,2399
2023-02-17,13.78,13.95,13.72,13.79,2618829.0,36241785.0,1247201704.0,0.002099763808533,2399
2023-02-20,13.8,13.94,13.7,13.92,3317368.0,45851442.0,1247201704.0,0.0026598488354855,2399
2023-02-21,13.96,14.01,13.81,13.87,3139742.0,43634944.0,1247201704.0,0.0025174292096701,2399
2023-02-22,14.17,14.17,13.87,13.93,4364997.0,61025912.0,1247201704.0,0.0034998324537247,2399
2023-02-23,13.99,14.05,13.77,13.81,3187256.0,44239231.0,1247201704.0,0.0025555256938616,2399
2023-02-24,13.92,13.93,13.79,13.87,2318179.0,32145607.0,1247201704.0,0.0018587041635408,2399
2023-02-27,13.8,13.92,13.52,13.6,3171722.0,43292359.0,1247201704.0,0.0025430706114558,2399
2023-02-28,13.55,13.79,13.55,13.78,3572345.0,48979819.0,1247201704.0,0.0028642881007481,2399
2023-03-01,13.8,13.93,13.74,13.92,3002783.0,41679079.0,1247201704.0,0.0024076161781767,2399
2023-03-02,13.95,13.96,13.77,13.82,3145879.0,43501132.0,1247201704.0,0.002522349825141,2399
2023-03-03,13.78,13.88,13.62,13.71,2704543.0,37199014.0,1247201704.0,0.00216848885896,2399
2023-03-06,13.73,13.87,13.69,13.8,2279762.0,31404805.0,1247201704.0,0.001827901607806,2399
2023-03-07,13.85,13.88,13.56,13.57,2779574.0,38159114.0,1247201704.0,0.0022286483341751,2399
2023-03-08,13.61,13.7,13.51,13.68,1706974.0,23270455.0,1247201704.0,0.001368643094798,2399
2023-03-09,13.7,13.74,13.55,13.56,1918885.0,26156687.0,1247201704.0,0.0015385522597073,2399
2023-03-10,13.57,13.57,13.41,13.44,2087455.0,28129979.0,1247201704.0,0.001673710830658,2399
2023-03-13,13.44,13.5,13.3,13.45,2053596.0,27539725.0,1247201704.0,0.0016465628562034,2399
2023-03-14,13.41,13.62,13.34,13.43,1975487.0,26640145.0,1247201704.0,0.001583935456201,2399
2023-03-15,13.48,13.78,13.45,13.69,2682430.0,36699164.0,1247201704.0,0.0021507587677253,2399
2023-03-16,13.68,13.87,13.6,13.76,3368707.0,46479140.0,1247201704.0,0.0027010121852752,2399
2023-03-17,13.79,13.88,13.67,13.73,2903870.0,39938697.0,1247201704.0,0.0023283082364999,2399
2023-03-20,13.62,13.83,13.54,13.75,3301029.0,45243104.0,1247201704.0,0.0026467483081629,2399
2023-03-21,13.74,13.88,13.7,13.83,2322582.0,32122000.0,1247201704.0,0.0018622344666071,2399
2023-03-22,13.94,14.02,13.82,13.87,2405489.0,33446704.0,1247201704.0,0.0019287088786722,2399
2023-03-23,13.9,14.05,13.79,14.04,2632239.0,36657610.0,1247201704.0,0.0021105158785126,2399
2023-03-24,14.06,14.28,14.01,14.07,4737929.0,66942659.0,1247201704.0,0.003798847439676,2399
2023-03-27,14.1,14.14,13.88,13.99,3075127.0,42986738.0,1247201704.0,0.0024656212304212,2399
2023-03-28,14.1,14.22,13.95,14.19,4615241.0,65215260.0,1247201704.0,0.0037004768235948,2399
2023-03-29,14.12,14.2,13.81,13.87,3469087.0,48279377.0,1247201704.0,0.0027814963601108,2399
2023-03-30,14.1,14.15,13.78,13.85,3269324.0,45408442.0,1247201704.0,0.0026213273999824,2399
2023-03-31,13.71,13.94,13.71,13.78,3620011.0,50071038.0,1247201704.0,0.0029025064577685,2399
2023-04-03,13.78,13.83,13.45,13.51,5784342.0,78609111.0,1247201704.0,0.0046378560752832,2399
2023-04-04,13.5,13.56,13.39,13.5,3621008.0,48769318.0,1247201704.0,0.0029033058473114,2399
2023-04-06,13.56,13.75,13.52,13.57,2907873.0,39631840.0,1247201704.0,0.0023315178215952,2399
2023-04-07,13.62,13.83,13.55,13.79,3171520.0,43669224.0,1247201704.0,0.0025429086488804,2399
2023-04-10,13.84,14.02,13.8,13.96,3693173.0,51381120.0,1247201704.0,0.0029611673782639,2399
2023-04-11,13.96,14.0,13.85,13.88,2583368.0,35953223.0,1247201704.0,0.0020713313586043,2399
2023-04-12,13.89,14.06,13.86,13.93,2817000.0,39315229.0,1247201704.0,0.0022586563111366,2399
2023-04-13,13.89,14.22,13.89,14.18,5024754.0,70864998.0,1247201704.0,0.0040288222697938,2399
2023-04-14,14.18,14.33,14.03,14.18,4108469.0,58279811.0,1247201704.0,0.0032941496045294,2399
2023-04-17,14.18,14.26,14.07,14.2,3187931.0,45221055.0,1247201704.0,0.0025560669054377,2399
2023-04-18,14.2,14.24,14.01,14.05,2640509.0,37168461.0,1247201704.0,0.0021171467225641,2399
2023-04-19,14.06,14.13,13.89,13.89,2698551.0,37783772.0,1247201704.0,0.0021636845037536,2399
2023-04-20,13.96,13.96,13.72,13.75,1957507.0,27040209.0,1247201704.0,0.0015695191834022,2399
2023-04-21,13.75,14.25,13.68,14.25,4238450.0,58945240.0,1247201704.0,0.0033983677110178,2399
2023-04-24,14.18,14.18,12.83,12.92,13717877.0,179652498.0,1247201704.0,0.0109989241964666,2399
2023-04-25,12.78,12.8,12.24,12.36,8182404.0,102042247.0,1247201704.0,0.0065606100230279,2399
2023-04-26,12.32,12.54,12.32,12.42,4374127.0,54439133.0,1247201704.0,0.003507152841414,2399
2023-04-27,12.48,13.07,12.4,12.92,5176579.0,66322957.0,1247201704.0,0.0041505547846814,2399
2023-04-28,12.99,13.0,12.79,12.93,2975225.0,38391308.0,1247201704.0,0.002385520313561,2399
2023-05-04,12.5,12.69,12.2,12.55,5248542.0,65640171.0,1247201704.0,0.0042082543530585,2399
2023-05-05,12.55,12.65,12.25,12.34,4845285.0,59884770.0,1247201704.0,0.0038849249359268,2399
2023-05-08,12.3,12.45,12.07,12.29,4229329.0,51548401.0,1247201704.0,0.0033910545394828,2399
2023-05-09,12.25,12.28,12.07,12.1,4267017.0,51740854.0,1247201704.0,0.0034212725867154,2399
2023-05-10,12.06,12.14,11.98,12.07,3094233.0,37299370.0,1247201704.0,0.0024809403243086,2399
2023-05-11,12.14,12.26,11.89,11.89,4298616.0,51669149.0,1247201704.0,0.0034466085046336,2399
2023-05-12,11.88,12.07,11.84,12.02,3207600.0,38320737.0,1247201704.0,0.0025718374098693,2399
2023-05-15,11.95,12.06,11.7,12.04,3867504.0,45888516.0,1247201704.0,0.0031009450897927,2399
2023-05-16,12.05,12.07,11.92,12.05,2498772.0,29960702.0,1247201704.0,0.0020035027149064,2399
2023-05-17,12.04,12.07,11.91,12.07,2210766.0,26500057.0,1247201704.0,0.0017725809649791,2399
2023-05-18,12.04,12.11,11.93,12.07,2782713.0,33405823.0,1247201704.0,0.0022311651684529,2399
2023-05-19,11.98,12.15,11.95,12.08,2514308.0,30318725.0,1247201704.0,0.0020159594009021,2399
2023-05-22,12.08,12.29,12.08,12.27,3140499.0,38391210.0,1247201704.0,0.0025180361684303,2399
2023-05-23,12.3,12.45,12.21,12.45,3716999.0,45906758.0,1247201704.0,0.0029802709442096,2399
2023-05-24,12.33,12.35,12.06,12.35,3633340.0,44124644.0,1247201704.0,0.0029131935823589,2399
2023-05-25,12.15,12.22,11.8,11.86,5249086.0,62547778.0,1247201704.0,0.0042086905294991,2399
2023-05-26,11.86,11.97,11.68,11.92,2509167.0,29674484.0,1247201704.0,0.0020118373731792,2399
2023-05-29,11.97,12.1,11.87,11.89,2489833.0,29789434.0,1247201704.0,0.0019963354700483,2399
2023-05-30,11.94,11.96,11.75,11.93,1709823.0,20272047.0,1247201704.0,0.0013709274085469,2399
2023-05-31,11.93,11.98,11.81,11.87,1790784.0,21293050.0,1247201704.0,0.0014358415276828,2399
2023-06-01,11.86,11.98,11.78,11.87,2054289.0,24435140.0,1247201704.0,0.0016471185000882,2399
2023-06-02,11.99,11.99,11.84,11.92,1537418.0,18316821.0,1247201704.0,0.0012326939540486,2399
2023-06-05,11.97,11.97,11.85,11.92,1422118.0,16910963.0,1247201704.0,0.0011402469988928,2399
2023-06-06,11.92,11.92,11.58,11.59,2791468.0,32683914.0,1247201704.0,0.0022381848830443,2399
2023-06-07,11.7,11.7,11.59,11.62,1448214.0,16861807.0,1247201704.0,0.0011611706393242,2399
2023-06-08,11.63,11.65,11.4,11.45,2336404.0,26842859.0,1247201704.0,0.0018733168760968,2399
2023-06-09,11.45,11.54,11.41,11.41,1770206.0,20272223.0,1247201704.0,0.001419342191662,2399
2023-06-12,11.43,11.46,11.26,11.42,1765969.0,20067619.0,1247201704.0,0.0014159449865536,2399
2023-06-13,11.41,11.46,11.33,11.43,1304291.0,14870034.0,1247201704.0,0.0010457739079548,2399
2023-06-14,11.44,11.53,11.39,11.51,1210312.0,13882948.0,1247201704.0,0.0009704220224509,2399
2023-06-15,11.56,11.63,11.43,11.6,1649318.0,19049075.0,1247201704.0,0.0013224148064505,2399
2023-06-16,11.61,11.65,11.57,11.57,1314274.0,15251104.0,1247201704.0,0.0010537782267173,2399
2023-06-19,11.58,11.67,11.52,11.52,1446896.0,16766563.0,1247201704.0,0.0011601138736096,2399
2023-06-20,11.51,11.58,11.29,11.35,2440302.0,27792981.0,1247201704.0,0.0019566217654879,2399
2023-06-21,11.32,11.39,11.23,11.24,1514583.0,17089300.0,1247201704.0,0.0012143849668762,2399
2023-06-26,11.2,11.27,11.08,11.09,1927980.0,21496479.0,1247201704.0,0.0015458445845741,2399
2023-06-27,11.16,11.35,11.12,11.29,1400900.0,15790494.0,1247201704.0,0.0011232345141183,2399
2023-06-28,11.36,11.36,11.18,11.31,1571000.0,17698889.0,1247201704.0,0.0012596198313083,2399
2023-06-29,11.33,11.45,11.27,11.3,1704183.0,19355546.0,1247201704.0,0.001366405285155,2399
2023-06-30,11.36,11.53,11.28,11.47,2265200.0,25921778.0,1247201704.0,0.0018162258700698,2399
2023-07-03,11.51,11.6,11.46,11.58,1548120.0,17861904.0,1247201704.0,0.0012412747633641,2399
2023-07-04,11.58,11.78,11.51,11.69,2208005.0,25765892.0,1247201704.0,0.0017703672091839,2399
2023-07-05,11.68,11.76,11.63,11.66,1170130.0,13671687.0,1247201704.0,0.0009382042986689,2399
2023-07-06,11.66,11.73,11.59,11.63,1409572.0,16414885.0,1247201704.0,0.0011301876797307,2399
2023-07-07,11.63,11.69,11.58,11.63,1137992.0,13247591.0,1247201704.0,0.0009124362132847,2399
2023-07-10,11.63,11.74,11.63,11.71,1329459.0,15548888.0,1247201704.0,0.0010659534826934,2399
2023-07-11,11.75,11.81,11.71,11.77,1110425.0,13048435.0,1247201704.0,0.0008903331325147,2399
2023-07-12,11.82,11.83,11.66,11.7,1245204.0,14628877.0,1247201704.0,0.0009983982510658,2399
2023-07-13,11.69,11.85,11.69,11.77,1136580.0,13383624.0,1247201704.0,0.0009113040788468,2399
2023-07-14,11.8,11.8,11.68,11.73,1338060.0,15684848.0,1247201704.0,0.001072849720866,2399
2023-07-17,11.66,11.66,11.36,11.47,2227272.0,25477670.0,1247201704.0,0.0017858153920546,2399
2023-07-18,11.46,11.47,11.3,11.37,1553026.0,17634363.0,1247201704.0,0.0012452083692791,2399
2023-07-19,11.37,11.46,11.37,11.41,1208029.0,13779845.0,1247201704.0,0.0009685915246312,2399
2023-07-20,11.46,11.58,11.42,11.47,1409045.0,16197356.0,1247201704.0,0.0011297651338038,2399
2023-07-21,11.47,11.68,11.44,11.57,1304725.0,15101311.0,1247201704.0,0.0010461218869534,2399
2023-07-24,11.56,11.8,11.52,11.72,2078912.0,24341632.0,1247201704.0,0.0016668610965913,2399
2023-07-25,11.78,11.88,11.61,11.74,2297854.0,26944381.0,1247201704.0,0.0018424076816367,2399
2023-07-26,11.75,11.82,11.71,11.79,1358081.0,15981171.0,1247201704.0,0.0010889024571121,2399
2023-07-27,11.79,12.04,11.76,11.96,3596303.0,42861676.0,1247201704.0,0.0028834975036243,2399
2023-07-28,11.91,12.01,11.82,12.01,2182536.0,26015342.0,1247201704.0,0.0017499462941721,2399
2023-07-31,12.06,12.13,11.92,11.94,2469632.0,29615916.0,1247201704.0,0.0019801384107153,2399
2023-08-01,11.94,12.12,11.9,12.0,2307709.0,27659408.0,1247201704.0,0.0018503093706485,2399
2023-08-02,12.06,12.06,11.8,11.84,2092409.0,24845159.0,1247201704.0,0.0016776829227295,2399
2023-08-03,11.84,11.98,11.79,11.94,2071808.0,24685753.0,1247201704.0,0.0016611651454254,2399
2023-08-04,12.02,12.07,11.93,11.93,1899132.0,22755582.0,1247201704.0,0.0015227144045018,2399
2023-08-07,11.94,11.95,11.7,11.78,2331840.0,27428381.0,1247201704.0,0.0018696574840471,2399
2023-08-08,11.72,11.77,11.58,11.7,2341076.0,27331707.0,1247201704.0,0.0018770628619987,2399
2023-08-09,11.65,12.0,11.62,11.9,2396000.0,28425692.0,1247201704.0,0.0019211006466039,2399
2023-08-10,11.87,11.93,11.82,11.89,1293191.0,15351980.0,1247201704.0,0.0010368739842581,2399
2023-08-11,11.89,11.98,11.77,11.78,1544260.0,18329563.0,1247201704.0,0.0012381798349435,2399
2023-08-14,11.73,11.88,11.65,11.77,2327641.0,27359427.0,1247201704.0,0.001866290747146,2399
2023-08-15,11.76,11.94,11.61,11.93,2162031.0,25551456.0,1247201704.0,0.001733505489181,2399
2023-08-16,11.84,12.02,11.84,11.88,1642100.0,19604367.0,1247201704.0,0.0013166274506629,2399
2023-08-17,11.86,11.87,11.67,11.81,2076868.0,24417363.0,1247201704.0,0.0016652222277592,2399
2023-08-18,11.82,11.83,11.49,11.49,2188621.0,25415035.0,1247201704.0,0.0017548252163067,2399
2023-08-21,11.55,11.57,11.32,11.37,1508400.0,17267187.0,1247201704.0,0.0012094274688386,2399
2023-08-22,11.4,11.48,11.19,11.28,1936000.0,21835142.0,1247201704.0,0.0015522749798937,2399
2023-08-23,11.31,11.31,11.1,11.11,1497900.0,16763402.0,1247201704.0,0.0012010086220985,2399
2023-08-24,11.12,11.17,11.05,11.09,1692979.0,18794028.0,1247201704.0,0.0013574219747858,2399
2023-08-25,11.07,11.21,10.98,11.02,1890259.0,20959366.0,1247201704.0,0.0015156000781089,2399
2023-08-28,11.53,11.67,11.18,11.21,2391559.0,27138147.0,1247201704.0,0.0019175398753303,2399
2023-08-29,11.17,11.46,11.12,11.37,2044285.0,23182569.0,1247201704.0,0.0016390973436322,2399
2023-08-30,11.39,11.55,11.37,11.49,1617817.0,18594819.0,1247201704.0,0.0012971574644352,2399
2023-08-31,11.46,11.64,11.39,11.62,1874740.0,21621485.0,1247201704.0,0.001503157022627,2399
2023-09-01,11.58,11.78,11.52,11.75,1717835.0,20061763.0,1247201704.0,0.001377351389507,2399
2023-09-04,11.76,11.93,11.68,11.92,2802691.0,33192448.0,1247201704.0,0.0022471834275171,2399
2023-09-05,11.93,12.05,11.83,12.0,2984393.0,35757681.0,1247201704.0,0.0023928711694576,2399
2023-09-06,12.03,12.26,11.96,12.21,3914400.0,47555470.0,1247201704.0,0.0031385460647189,2399
2023-09-07,12.19,12.23,11.82,11.9,2589440.0,31021983.0,1247201704.0,0.0020761998574049,2399
2023-09-08,11.9,12.09,11.9,11.98,2600200.0,31275790.0,1247201704.0,0.0020848271708262,2399
2023-09-11,12.08,12.41,12.05,12.35,4147163.0,51106607.0,1247201704.0,0.0033251742574591,2399
2023-09-12,12.35,12.39,12.17,12.28,2323000.0,28524231.0,1247201704.0,0.0018625696168869,2399
2023-09-13,12.27,12.35,12.09,12.13,2023853.0,24681438.0,1247201704.0,0.0016227150696708,2399
2023-09-14,12.14,12.23,12.1,12.19,1884473.0,22930460.0,1247201704.0,0.0015109608926576,2399
2023-09-15,12.22,12.4,12.1,12.32,2245707.0,27555633.0,1247201704.0,0.0018005964815455,2399
2023-09-18,12.32,12.36,12.19,12.3,2012504.0,24683042.0,1247201704.0,0.0016136154990371,2399
2023-09-19,12.28,12.43,12.24,12.35,2285248.0,28240143.0,1247201704.0,0.0018323002547789,2399
2023-09-20,12.29,12.42,12.29,12.33,1479857.0,18261753.0,1247201704.0,0.0011865418362193,2399
2023-09-21,12.26,12.29,12.17,12.22,2231843.0,27290738.0,1247201704.0,0.0017894803966688,2399
2023-09-22,12.22,12.31,12.05,12.28,2132500.0,25961821.0,1247201704.0,0.0017098276831732,2399
2023-09-25,12.33,12.43,12.24,12.4,2915800.0,36102699.0,1247201704.0,0.0023378736499866,2399
2023-09-26,12.35,12.41,12.2,12.26,1463401.0,17966799.0,1247201704.0,0.0011733474988902,2399
2023-09-27,12.26,12.48,12.25,12.45,2654200.0,32941981.0,1247201704.0,0.0021281240969183,2399
2023-09-28,12.44,12.48,12.29,12.3,2282233.0,28206886.0,1247201704.0,0.0018298828430721,2399
2023-10-09,12.3,12.37,12.06,12.22,2196092.0,26775154.0,1247201704.0,0.0017608154262111,2399
2023-10-10,12.22,12.31,12.15,12.16,2360225.0,28811122.0,1247201704.0,0.0018924164330679,2399
2023-10-11,12.23,12.57,12.19,12.4,2587600.0,32222032.0,1247201704.0,0.0020747245547381,2399
2023-10-12,12.42,12.6,12.42,12.56,2163482.0,27102975.0,1247201704.0,0.001734668893621,2399
2023-10-13,12.5,12.61,12.43,12.53,2385700.0,29888873.0,1247201704.0,0.0019128421588493,2399
2023-10-16,12.59,12.76,12.3,12.37,3224513.0,40306504.0,1247201704.0,0.0025853981674803,2399
2023-10-17,12.37,12.45,12.15,12.29,1976403.0,24247291.0,1247201704.0,0.0015846699003547,2399
2023-10-18,12.33,12.37,12.02,12.06,1930300.0,23412643.0,1247201704.0,0.0015477047488062,2399
2023-10-19,12.09,12.15,11.86,11.93,1760500.0,21118365.0,1247201704.0,0.0014115599700944,2399
2023-10-20,11.94,11.98,11.77,11.84,1510404.0,17894611.0,1247201704.0,0.0012110342658736,2399
2023-10-23,11.79,11.79,11.44,11.58,1997140.0,23175302.0,1247201704.0,0.001601296721769,2399
2023-10-24,11.65,11.68,11.43,11.63,2369284.0,27436985.0,1247201704.0,0.0018996798933174,2399
2023-10-25,11.71,11.81,11.53,11.68,1923354.0,22453431.0,1247201704.0,0.0015421354812388,2399
2023-10-26,11.61,11.7,11.57,11.65,1551740.0,18037078.0,1247201704.0,0.0012441772610022,2399
2023-10-27,11.67,12.27,11.59,12.21,3565493.0,42872906.0,1247201704.0,0.002858794201904,2399
2023-10-30,12.16,12.52,12.1,12.46,2895520.0,35929707.0,1247201704.0,0.0023216132488542,2399
2023-10-31,12.31,12.41,12.2,12.37,2974858.0,36662697.0,1247201704.0,0.0023852260548226,2399
2023-11-01,12.37,12.44,12.26,12.37,2174300.0,26849815.0,1247201704.0,0.0017433427111481,2399
2023-11-02,12.45,12.55,12.36,12.42,2961260.0,36880796.0,1247201704.0,0.0023743232473967,2399
2023-11-03,12.4,12.51,12.3,12.41,2878900.0,35784514.0,1247201704.0,0.002308287417157,2399
2023-11-06,12.59,12.6,12.37,12.42,2535255.0,31563370.0,1247201704.0,0.0020327545992512,2399
2023-11-07,12.39,12.55,12.38,12.45,1873372.0,23403066.0,1247201704.0,0.001502060167166,2399
2023-11-08,12.44,12.61,12.41,12.47,1774783.0,22191654.0,1247201704.0,0.0014230120070458,2399
2023-11-09,12.46,12.58,12.35,12.41,2067000.0,25730425.0,1247201704.0,0.0016573101154133,2399
2023-11-10,12.39,12.54,12.24,12.48,2185749.0,27196414.0,1247201704.0,0.0017525224612746,2399
2023-11-13,12.41,12.52,12.26,12.42,2136080.0,26400332.0,1247201704.0,0.0017126981090141,2399
2023-11-14,12.42,12.49,12.31,12.35,1379600.0,17079829.0,1247201704.0,0.0011061562821597,2399
2023-11-15,12.47,12.49,12.27,12.4,1786136.0,22103625.0,1247201704.0,0.0014321147848592,2399
2023-11-16,12.35,12.42,12.26,12.28,1598900.0,19736631.0,1247201704.0,0.0012819899097892,2399
2023-11-17,12.28,12.45,12.25,12.41,1262660.0,15597087.0,1247201704.0,0.0010123943833226,2399
2023-11-20,12.42,12.55,12.36,12.44,2230400.0,27793713.0,1247201704.0,0.0017883234065882,2399
2023-11-21,12.45,12.54,12.4,12.49,1565760.0,19531872.0,1247201704.0,0.0012554184258875,2399
2023-11-22,12.76,12.97,12.41,12.6,4580875.0,57857960.0,1247201704.0,0.0036729223391118,2399
2023-11-23,12.58,12.81,12.57,12.79,4279755.0,54401633.0,1247201704.0,0.0034314858505036,2399
2023-11-24,12.73,12.89,12.7,12.86,3145370.0,40325911.0,1247201704.0,0.0025219417115228,2399
2023-11-27,12.87,12.89,12.47,12.54,3720682.0,46863668.0,1247201704.0,0.0029832239549281,2399
2023-11-28,12.58,12.74,12.3,12.67,3146370.0,39617005.0,1247201704.0,0.0025227435064505,2399
2023-11-29,12.65,12.72,12.52,12.59,1934809.0,24370327.0,1247201704.0,0.0015513200421349,2399
2023-11-30,12.5,12.71,12.5,12.67,1712300.0,21630006.0,1247201704.0,0.0013729134545826,2399
2023-12-01,12.66,12.72,12.57,12.6,2617500.0,33109842.0,1247201704.0,0.0020986982230742,2399
2023-12-04,12.62,12.7,12.52,12.54,2267152.0,28518920.0,1247201704.0,0.0018177909737685,2399
2023-12-05,12.52,12.67,12.41,12.48,2204089.0,27668538.0,1247201704.0,0.0017672273802473,2399
2023-12-06,12.63,12.78,12.37,12.65,2639300.0,33188747.0,1247201704.0,0.0021161773524966,2399
2023-12-07,12.6,12.64,12.45,12.47,3205885.0,40122609.0,1247201704.0,0.0025704623315684,2399
2023-12-08,12.5,12.87,12.4,12.76,7604903.0,96689424.0,1247201704.0,0.0060975726505261,2399
2023-12-11,12.75,12.84,12.46,12.64,5922538.0,74960756.0,1247201704.0,0.0047486609271021,2399
2023-12-12,12.66,12.73,12.47,12.52,3097016.0,38901340.0,1247201704.0,0.0024831717195921,2399
2023-12-13,12.53,12.65,12.39,12.41,3265223.0,40868003.0,1247201704.0,0.0026180392389842,2399
2023-12-14,12.49,12.6,12.41,12.43,2130453.0,26632530.0,1247201704.0,0.0017081864089563,2399
2023-12-15,12.5,12.5,12.2,12.22,2345623.0,28878163.0,1247201704.0,0.0018807086235347,2399
2023-12-18,12.2,12.46,12.07,12.28,2766163.0,34169912.0,1247201704.0,0.0022178954624006,2399
2023-12-19,12.33,12.34,12.01,12.14,2608920.0,31579723.0,1247201704.0,0.0020918188225951,2399
2023-12-20,12.16,12.25,12.05,12.05,1559650.0,18941209.0,1247201704.0,0.0012505194588797,2399
2023-12-21,12.02,12.16,11.92,12.12,1833230.0,22067306.0,1247201704.0,0.001469874515181,2399
2023-12-22,12.08,12.09,11.87,11.95,1794138.0,21496624.0,1247201704.0,0.0014385307478701,2399
2023-12-25,11.91,12.09,11.87,11.95,1505689.0,18010133.0,1247201704.0,0.0012072538027898,2399
2023-12-26,11.92,12.03,11.79,11.83,1276420.0,15168574.0,1247201704.0,0.0010234270815268,2399
2023-12-27,11.82,11.87,11.71,11.82,1931380.0,22769439.0,1247201704.0,0.001548570687328,2399
2023-12-28,11.82,11.88,11.69,11.7,3919500.0,46102314.0,1247201704.0,0.0031426352188498,2399
2023-12-29,11.7,11.77,11.63,11.73,2663203.0,31150996.0,1247201704.0,0.0021353426566517,2399
2024-01-02,11.74,11.81,11.61,11.75,3706563.0,43458304.0,1247201704.0,0.0029719034123449,2399
2024-01-03,11.71,11.94,11.69,11.78,2899178.0,34237437.0,1247201704.0,0.0023245462146995,2399
2024-01-04,11.76,11.8,11.59,11.66,2569155.0,29968130.0,1247201704.0,0.0020599354472979,2399
2024-01-05,11.64,11.67,11.4,11.42,3148650.0,36275545.0,1247201704.0,0.0025245715988855,2399
2024-01-08,11.37,11.45,11.05,11.05,3130700.0,35010819.0,1247201704.0,0.0025101793799345,2399
2024-01-09,11.09,11.11,10.84,10.95,3669276.0,40153307.0,1247201704.0,0.0029420068848783,2399
2024-01-10,10.95,10.97,10.69,10.78,3055524.0,33021934.0,1247201704.0,0.0024499036444549,2399
2024-01-11,10.8,10.92,10.77,10.89,2630321.0,28558447.0,1247201704.0,0.0021089780358414,2399
2024-01-12,10.89,10.98,10.78,10.78,2579900.0,28097472.0,1247201704.0,0.0020685507337953,2399
2024-01-15,10.58,10.6,10.02,10.25,8928343.0,91170765.0,1247201704.0,0.0071587001295501,2399
2024-01-16,10.24,10.33,10.15,10.3,6107433.0,62548848.0,1247201704.0,0.0048969088002464,2399
2024-01-17,10.27,10.31,9.91,9.92,4927443.0,49779909.0,1247201704.0,0.0039507988035911,2399
2024-01-18,10.01,10.01,9.5,9.8,5799661.0,56088574.0,1247201704.0,0.0046501387717796,2399
2024-01-19,9.75,9.84,9.67,9.74,3151586.0,30702438.0,1247201704.0,0.002526925668793,2399
2024-01-22,9.7,9.76,9.11,9.14,5096786.0,47999838.0,1247201704.0,0.0040865771620209,2399
2024-01-23,9.13,9.22,8.92,9.18,7196108.0,65614868.0,1247201704.0,0.0057698028930852,2399
2024-01-24,9.17,9.24,8.8,9.18,7476940.0,67558939.0,1247201704.0,0.0059949725662016,2399
2024-01-25,9.1,9.37,8.99,9.36,6988033.0,64125398.0,1247201704.0,0.0056029694135183,2399
2024-01-26,9.31,9.39,9.06,9.1,6234174.0,57507965.0,1247201704.0,0.0049985290911693,2399
2024-01-29,9.11,9.26,8.8,8.8,7810407.0,69951490.0,1247201704.0,0.006262344715334,2399
2024-01-30,8.77,8.89,8.56,8.58,6249374.0,54662219.0,1247201704.0,0.0050107163740693,2399
2024-01-31,8.42,8.52,8.17,8.19,8671176.0,72401376.0,1247201704.0,0.006952504933396,2399
2024-02-01,8.11,8.27,7.94,8.07,5894773.0,47819748.0,1247201704.0,0.0047263990909364,2399
2024-02-02,8.09,8.23,7.32,7.63,9217012.0,71668242.0,1247201704.0,0.0073901534695145,2399
2024-02-05,7.63,7.63,6.89,7.08,9872131.0,71313986.0,1247201704.0,0.0079154245607092,2399
2024-02-06,6.94,7.79,6.9,7.73,11545492.0,85434599.0,1247201704.0,0.0092571169226048,2399
2024-02-07,7.72,8.4,7.7,8.29,15581004.0,127189675.0,1247201704.0,0.012492769974599,2399
2024-02-08,8.23,9.0,8.16,8.75,14231585.0,124127518.0,1247201704.0,0.0114108126651501,2399
2024-02-19,8.86,8.96,8.53,8.65,9146062.0,79900444.0,1247201704.0,0.007333266119399,2399
2024-02-20,8.59,8.67,8.43,8.6,5052785.0,43323031.0,1247201704.0,0.0040512973834102,2399
2024-02-21,8.59,8.84,8.46,8.59,6491925.0,56375727.0,1247201704.0,0.0052051925355611,2399
2024-02-22,8.59,8.7,8.55,8.66,4585164.0,39571946.0,1247201704.0,0.0036763612375564,2399
2024-02-23,8.69,8.77,8.54,8.75,4945621.0,42830022.0,1247201704.0,0.0039653738317855,2399
2024-02-26,8.77,9.03,8.68,8.87,5729781.0,50674330.0,1247201704.0,0.0045941093422367,2399
2024-02-27,8.84,9.01,8.74,9.01,4063521.0,36073203.0,1247201704.0,0.0032581105261222,2399
2024-02-28,8.99,9.25,8.65,8.65,7377481.0,66215272.0,1247201704.0,0.0059152268444944,2399
2024-02-29,8.5,8.95,8.45,8.91,6699180.0,58982116.0,1247201704.0,0.0053713685432873,2399
2024-03-01,8.91,8.96,8.77,8.88,4050443.0,35911300.0,1247201704.0,0.0032476246520586,2399
2024-03-04,8.85,9.05,8.8,8.87,4437700.0,39382475.0,1247201704.0,0.0035581253503483,2399
2024-03-05,8.83,8.83,8.67,8.72,4157846.0,36357218.0,1247201704.0,0.003333739832671,2399
2024-03-06,8.7,8.78,8.5,8.64,3736984.0,32372318.0,1247201704.0,0.0029962948158383,2399
2024-03-07,8.64,8.71,8.41,8.41,4031313.0,34572318.0,1247201704.0,0.0032322863150931,2399
2024-03-08,8.49,8.59,8.4,8.51,3816141.0,32419526.0,1247201704.0,0.0030597624969248,2399
2024-03-11,8.52,8.59,8.42,8.59,4542713.0,38644636.0,1247201704.0,0.0036423242410836,2399
2024-03-12,8.62,8.78,8.6,8.77,4035946.0,35183271.0,1247201704.0,0.0032360010309928,2399
2024-03-13,8.8,8.8,8.59,8.71,3920209.0,34045244.0,1247201704.0,0.0031432036914535,2399
2024-03-14,8.79,8.91,8.5,8.63,5515241.0,48225918.0,1247201704.0,0.0044220922584627,2399
2024-03-15,8.55,8.77,8.52,8.73,5164481.0,44680170.0,1247201704.0,0.0041408546696469,2399
2024-03-18,8.82,8.84,8.6,8.83,6391505.0,55678405.0,1247201704.0,0.0051246762889284,2399
2024-03-19,8.83,8.95,8.75,8.82,7078251.0,62686004.0,1247201704.0,0.0056753057482993,2399
2024-03-20,8.84,9.09,8.74,9.05,10811445.0,96967553.0,1247201704.0,0.008668561761362,2399
2024-03-21,9.06,9.23,9.01,9.06,7894620.0,71817738.0,1247201704.0,0.0063298662715746,2399
2024-03-22,9.0,9.04,8.8,8.85,6892296.0,61178488.0,1247201704.0,0.0055262079725317,2399
2024-03-25,8.73,8.82,8.62,8.62,5266820.0,45914398.0,1247201704.0,0.0042229095607457,2399
2024-03-26,8.62,8.67,8.47,8.56,4074120.0,34855506.0,1247201704.0,0.0032666087505602,2399
2024-03-27,8.57,8.67,8.46,8.46,3926370.0,33488145.0,1247201704.0,0.0031481435500027,2399
2024-03-28,8.44,8.58,8.34,8.46,3783160.0,32055802.0,1247201704.0,0.0030333184984166,2399
2024-03-29,8.48,8.51,8.2,8.35,5427221.0,45069443.0,1247201704.0,0.0043515182689327,2399
2024-04-01,8.38,8.72,8.33,8.7,5462500.0,46882060.0,1247201704.0,0.0043798047921846,2399
2024-04-02,8.71,8.71,8.48,8.66,3775451.0,32422398.0,1247201704.0,0.0030271374613195,2399
2024-04-03,8.65,8.76,8.59,8.72,4899021.0,42444988.0,1247201704.0,0.0039280101881579,2399
2024-04-08,8.69,8.72,8.5,8.57,4834988.0,41482749.0,1247201704.0,0.0038766688535569,2399
2024-04-09,8.57,8.95,8.51,8.77,6490967.0,56747233.0,1247201704.0,0.0052044244160205,2399
2024-04-10,8.78,8.85,8.68,8.81,5752550.0,50384047.0,1247201704.0,0.0046123654109439,2399
2024-04-11,8.67,9.1,8.65,9.06,8561317.0,76899957.0,1247201704.0,0.0068644205444414,2399
2024-04-12,9.06,9.08,8.78,8.84,7372405.0,65391455.0,1247201704.0,0.0059111569334417,2399
2024-04-15,8.83,8.85,8.51,8.68,7942200.0,68997565.0,1247201704.0,0.0063680156742313,2399
2024-04-16,8.66,9.13,8.51,8.54,10105775.0,88388251.0,1247201704.0,0.0081027591347806,2399
2024-04-17,8.2,8.87,8.19,8.87,6572203.0,56929780.0,1247201704.0,0.0052695590287615,2399
2024-04-18,8.85,9.09,8.77,9.06,7194520.0,64717206.0,1247201704.0,0.0057685296427401,2399
2024-04-19,9.02,9.09,8.83,8.99,4707580.0,42242538.0,1247201704.0,0.0037745137654173,2399
2024-04-22,8.91,9.13,8.8,8.96,4246516.0,38185178.0,1247201704.0,0.003404834988904,2399
2024-04-23,8.93,8.99,8.77,8.86,3106423.0,27561745.0,1247201704.0,0.0024907142044764,2399
2024-04-24,8.92,8.95,8.77,8.95,2884960.0,25591521.0,1247201704.0,0.0023131462944184,2399
2024-04-25,8.89,9.33,8.87,9.19,4711676.0,43067300.0,1247201704.0,0.0037777979174409,2399
2024-04-26,9.12,9.22,9.01,9.22,5152012.0,47144899.0,1247201704.0,0.0041308570886942,2399
2024-04-29,9.16,9.43,9.16,9.42,5200782.0,48717383.0,1247201704.0,0.0041699606273148,2399
2024-04-30,9.98,10.36,9.85,10.36,8491726.0,86667653.0,1247201704.0,0.0068086228336326,2399
2024-05-06,10.71,11.18,10.18,11.03,31000322.0,328670095.0,1247201704.0,0.0248559009345291,2399
2024-05-07,10.58,10.71,10.38,10.41,17451222.0,183073095.0,1247201704.0,0.0139923012805633,2399
2024-05-08,10.4,10.65,10.34,10.53,11828423.0,123883301.0,1247201704.0,0.0094839695632744,2399
2024-05-09,10.49,10.66,10.3,10.49,10923720.0,114672061.0,1247201704.0,0.0087585832868618,2399
2024-05-10,10.43,10.58,10.23,10.25,9455876.0,98147408.0,1247201704.0,0.0075816734131081,2399
2024-05-13,10.27,10.43,10.11,10.21,6428040.0,65858832.0,1247201704.0,0.0051539698666094,2399
2024-05-14,10.17,10.31,10.1,10.18,4475767.0,45784548.0,1247201704.0,0.0035886472778584,2399
2024-05-15,10.19,10.3,10.07,10.12,4183120.0,42651749.0,1247201704.0,0.0033540043976719,2399
2024-05-16,10.12,10.32,10.07,10.22,5072700.0,51902366.0,1247201704.0,0.004067265129394,2399
2024-05-17,10.35,10.35,9.98,10.13,5141710.0,52034364.0,1247201704.0,0.0041225969973498,2399
2024-05-20,10.12,10.24,10.06,10.12,4372440.0,44375539.0,1247201704.0,0.0035058002133711,2399
2024-05-21,10.12,10.16,9.95,10.02,3958332.0,39700309.0,1247201704.0,0.0031737705194796,2399
2024-05-22,10.0,10.07,9.94,9.99,3038948.0,30355809.0,1247201704.0,0.0024366130917345,2399
2024-05-23,9.99,10.01,9.8,9.85,3944360.0,39008586.0,1247201704.0,0.0031625678407508,2399
2024-05-24,9.85,10.1,9.84,10.01,4491841.0,44899947.0,1247201704.0,0.0036015353295251,2399
2024-05-27,9.95,10.1,9.83,9.93,3578628.0,35554810.0,1247201704.0,0.0028693257782784,2399
2024-05-28,9.94,10.01,9.81,10.0,3589655.0,35627615.0,1247201704.0,0.0028781671709454,2399
2024-05-29,9.97,10.02,9.87,9.98,4256474.0,42300444.0,1247201704.0,0.0034128192627934,2399
2024-05-30,9.91,10.14,9.88,10.0,3690822.0,36973554.0,1247201704.0,0.002959282358389,2399
2024-05-31,10.05,10.15,9.94,9.95,3371420.0,33854765.0,1247201704.0,0.0027031874549138,2399
2024-06-03,9.95,9.98,9.73,9.79,4708674.0,46219297.0,1247201704.0,0.0037753909290681,2399
2024-06-04,9.83,9.9,9.72,9.89,3255758.0,31977202.0,1247201704.0,0.0026104502499942,2399
2024-06-05,9.89,10.04,9.83,9.87,3994865.0,39731035.0,1247201704.0,0.0032030624935708,2399
2024-06-06,9.96,9.96,9.57,9.62,4403450.0,42749716.0,1247201704.0,0.0035306638740769,2399
2024-06-07,9.69,9.75,9.59,9.67,3201792.0,30949242.0,1247201704.0,0.0025671805849296,2399
2024-06-11,9.64,9.77,9.55,9.73,3428865.0,33162148.0,1247201704.0,0.0027492465645316,2399
2024-06-12,9.67,9.7,9.56,9.6,3777265.0,36313923.0,1247201704.0,0.0030285919173182,2399
2024-06-13,9.6,9.66,9.45,9.48,4110102.0,39084869.0,1247201704.0,0.0032954589356462,2399
2024-06-14,9.48,9.53,9.24,9.34,8549800.0,80229314.0,1247201704.0,0.0068551862722599,2399
2024-06-17,9.3,9.41,9.11,9.3,6858048.0,63388749.0,1247201704.0,0.0054987480998502,2399
2024-06-18,9.3,9.35,9.17,9.2,5438746.0,50253207.0,1247201704.0,0.0043607589554736,2399
2024-06-19,9.24,9.25,9.09,9.12,3232701.0,29578352.0,1247201704.0,0.0025919632643478,2399
2024-06-20,9.11,9.33,9.0,9.05,3715171.0,33989325.0,1247201704.0,0.0029788052630819,2399
2024-06-21,9.03,9.2,8.93,9.01,3157064.0,28663603.0,1247201704.0,0.0025313179014065,2399
2024-06-24,9.0,9.02,8.73,8.75,3777399.0,33379677.0,1247201704.0,0.0030286993578385,2399
2024-06-25,8.75,8.84,8.67,8.71,3210735.0,28057640.0,1247201704.0,0.0025743510369674,2399
2024-06-26,8.69,8.98,8.66,8.97,2646084.0,23343177.0,1247201704.0,0.0021216167292856,2399
2024-06-27,9.03,9.03,8.72,8.73,2700800.0,23782253.0,1247201704.0,0.0021654877405459,2399
2024-06-28,8.75,8.9,8.62,8.67,3440359.0,30190065.0,1247201704.0,0.0027584623954298,2399
2024-07-01,8.62,8.74,8.51,8.72,3133286.0,27007879.0,1247201704.0,0.0025122528216173,2399
2024-07-02,8.67,8.76,8.61,8.66,2431219.0,21124452.0,1247201704.0,0.0019493390621602,2399
2024-07-03,8.64,8.78,8.58,8.61,2549462.0,22112606.0,1247201704.0,0.0020441456997881,2399
2024-07-04,8.61,8.67,8.28,8.33,4023232.0,33848177.0,1247201704.0,0.0032258070102829,2399
2024-07-05,8.34,8.71,8.31,8.63,3621594.0,30814146.0,1247201704.0,0.002903775699139,2399
2024-07-08,8.62,8.66,8.31,8.33,2518122.0,21219088.0,1247201704.0,0.0020190174467561,2399
2024-07-09,8.33,8.39,8.1,8.27,3089280.0,25479053.0,1247201704.0,0.002476969034032,2399
2024-07-10,8.22,8.4,8.16,8.31,2624032.0,21807885.0,1247201704.0,0.0021039355475415,2399
2024-07-11,8.45,8.73,8.41,8.68,3486258.0,30062579.0,1247201704.0,0.0027952639808131,2399
2024-07-12,8.61,8.88,8.61,8.8,2926400.0,25618937.0,1247201704.0,0.0023463726762194,2399
2024-07-15,9.68,9.68,9.68,9.68,1669273.0,16158563.0,1247201704.0,0.0013384146242314,2399
2024-07-16,10.06,10.15,9.67,9.78,22050027.0,217044900.0,1247201704.0,0.0176795998027276,2399
2024-07-17,9.61,9.73,9.35,9.47,13962009.0,132549712.0,1247201704.0,0.011194667995739,2399
2024-07-18,9.5,10.14,9.38,9.81,15184679.0,148991426.0,1247201704.0,0.0121749985999056,2399
2024-07-19,9.85,10.01,9.77,9.86,10252833.0,101179282.0,1247201704.0,0.0082206694932482,2399
2024-07-22,9.73,9.9,9.62,9.84,6367933.0,62560966.0,1247201704.0,0.0051057763788943,2399
2024-07-23,9.8,9.87,9.6,9.63,4778954.0,46586132.0,1247201704.0,0.0038317410765821,2399
2024-07-24,9.57,9.73,9.48,9.52,4254780.0,40761913.0,1247201704.0,0.003411461022186,2399
2024-07-25,9.46,9.62,9.4,9.52,2985702.0,28448496.0,1247201704.0,0.0023939207190178,2399
2024-07-26,9.6,9.61,9.4,9.57,3168800.0,30217600.0,1247201704.0,0.0025407277666772,2399
2024-07-29,9.51,9.57,9.31,9.35,3825921.0,35978259.0,1247201704.0,0.0030676040513171,2399
2024-07-30,9.33,9.57,9.28,9.55,4174599.0,39543691.0,1247201704.0,0.0033471723030936,2399
2024-07-31,9.49,9.96,9.43,9.94,4864240.0,47670454.0,1247201704.0,0.00390012295878,2399
2024-08-01,9.98,10.18,9.92,10.1,5864280.0,59086078.0,1247201704.0,0.0047019499582082,2399
2024-08-02,10.02,10.42,10.02,10.23,7476516.0,76964061.0,1247201704.0,0.0059946326051523,2399
2024-08-05,10.12,10.4,10.06,10.08,6101446.0,62398542.0,1247201704.0,0.0048921084540147,2399
2024-08-06,10.09,10.3,10.05,10.29,4316454.0,44090244.0,1247201704.0,0.0034609109225527,2399
2024-08-07,10.34,10.38,10.18,10.24,5045600.0,51854551.0,1247201704.0,0.0040455364868552,2399
2024-08-08,10.23,10.37,10.19,10.22,3712000.0,38120666.0,1247201704.0,0.0029762627713664,2399
2024-08-09,10.22,10.32,10.01,10.03,3462532.0,35096347.0,1247201704.0,0.0027762405943601,2399
2024-08-12,10.22,10.36,10.06,10.18,5348288.0,54605202.0,1247201704.0,0.00428823018991,2399
2024-08-13,10.12,10.21,10.08,10.18,3323208.0,33726980.0,1247201704.0,0.0026645313178629,2399
2024-08-14,10.15,10.19,10.02,10.04,2543728.0,25640238.0,1247201704.0,0.002039548207673,2399
2024-08-15,10.02,10.17,9.98,10.09,2836200.0,28568912.0,1247201704.0,0.0022740507737471,2399
2024-08-16,10.07,10.15,9.88,10.12,3235682.0,32596232.0,1247201704.0,0.002594353415027,2399
2024-08-19,10.13,10.15,9.99,10.03,2414400.0,24274337.0,1247201704.0,0.0019358536732724,2399
2024-08-20,10.03,10.03,9.82,9.85,2752000.0,27248711.0,1247201704.0,0.0022065396408406,2399
2024-08-21,9.85,9.93,9.74,9.84,2445700.0,24091683.0,1247201704.0,0.0019609498545072,2399
2024-08-22,9.84,9.85,9.69,9.71,2342759.0,22839121.0,1247201704.0,0.0018784122828619,2399
2024-08-23,9.71,9.72,9.6,9.65,2029326.0,19588168.0,1247201704.0,0.0016271032933098,2399
2024-08-26,9.65,9.82,9.58,9.78,2674940.0,26052027.0,1247201704.0,0.0021447533237173,2399
2024-08-27,9.69,9.83,9.68,9.77,2258306.0,22048694.0,1247201704.0,0.0018106982958387,2399
2024-08-28,9.7,9.9,9.66,9.7,2393401.0,23315905.0,1247201704.0,0.001919016781587,2399
2024-08-29,9.62,9.96,9.62,9.89,2908303.0,28581261.0,1247201704.0,0.0023318625934141,2399
2024-08-30,9.93,9.95,9.71,9.74,6713380.0,65951553.0,1247201704.0,0.0053827540312597,2399
2024-09-02,9.72,9.99,9.62,9.88,8626134.0,85157437.0,1247201704.0,0.0069163904862657,2399
2024-09-03,9.81,10.05,9.71,9.81,5563208.0,54971030.0,1247201704.0,0.0044605519557564,2399
2024-09-04,9.79,9.97,9.77,9.82,3764100.0,37194161.0,1247201704.0,0.003018036287096,2399
2024-09-05,9.83,10.08,9.81,10.04,3862340.0,38640351.0,1247201704.0,0.0030968046207865,2399
2024-09-06,10.04,10.08,9.83,9.84,2876200.0,28515610.0,1247201704.0,0.0023061225708524,2399
2024-09-09,9.79,9.98,9.74,9.77,2637560.0,25978993.0,1247201704.0,0.0021147822293225,2399
2024-09-10,9.81,9.85,9.53,9.67,2298280.0,22134366.0,1247201704.0,0.0018427492462758,2399
2024-09-11,9.56,9.74,9.55,9.57,2375520.0,22883192.0,1247201704.0,0.0019046798864861,2399
2024-09-12,9.6,9.72,9.47,9.48,2598241.0,24838427.0,1247201704.0,0.002083256454563,2399
2024-09-13,9.44,9.48,9.31,9.33,2347902.0,22048893.0,1247201704.0,0.0018825359141747,2399
2024-09-18,9.35,9.4,9.11,9.26,2248461.0,20751545.0,1247201704.0,0.0018028046247762,2399
2024-09-19,9.27,9.45,9.15,9.32,2353800.0,21948483.0,1247201704.0,0.0018872649006579,2399
2024-09-20,9.32,9.36,9.12,9.15,2279543.0,20918202.0,1247201704.0,0.0018277260147168,2399
2024-09-23,9.18,9.24,9.01,9.11,2861843.0,26059311.0,1247201704.0,0.0022946112010764,2399
2024-09-24,9.16,9.43,9.12,9.43,3198982.0,29699517.0,1247201704.0,0.002564927541183,2399
2024-09-25,9.53,9.78,9.5,9.56,4125565.0,39823877.0,1247201704.0,0.0033078570906121,2399
2024-09-26,9.53,10.06,9.4,10.03,5623842.0,54667435.0,1247201704.0,0.0045091679893984,2399
2024-09-27,10.25,10.68,10.16,10.4,7596364.0,78697985.0,1247201704.0,0.0060907261236391,2399
2024-09-30,10.61,11.4,10.61,11.4,12239154.0,135786964.0,1247201704.0,0.0098132915956952,2399
2024-10-08,12.54,12.54,11.6,12.29,15395348.0,187713877.0,1247201704.0,0.0123439119355148,2399
2024-10-09,12.22,12.33,11.58,11.72,12972063.0,155186874.0,1247201704.0,0.0104009343143103,2399
2024-10-10,11.71,12.0,11.32,11.45,8273206.0,95971718.0,1247201704.0,0.0066334146060467,2399
2024-10-11,11.45,11.52,10.85,10.94,5450876.0,60493726.0,1247201704.0,0.0043704847279458,2399
2024-10-14,10.94,11.08,10.77,11.04,5212282.0,57070704.0,1247201704.0,0.0041791812689826,2399
2024-10-15,11.0,11.11,10.77,10.77,3705697.0,40548073.0,1247201704.0,0.0029712090579375,2399
2024-10-16,10.58,10.86,10.58,10.72,3397507.0,36437888.0,1247201704.0,0.0027241038791909,2399
2024-10-17,10.82,10.99,10.6,10.62,3692001.0,39727612.0,1247201704.0,0.0029602276746087,2399
2024-10-18,10.63,11.12,10.6,10.91,5383542.0,58314980.0,1247201704.0,0.0043164966682887,2399
2024-10-21,11.0,11.04,10.75,10.94,5653463.0,61566447.0,1247201704.0,0.0045329179569498,2399
2024-10-22,10.87,11.27,10.87,11.27,5916122.0,65909364.0,1247201704.0,0.0047435166108464,2399
2024-10-23,11.3,11.4,11.17,11.28,5661901.0,63857231.0,1247201704.0,0.0045396835025491,2399
2024-10-24,11.23,11.37,11.14,11.19,4332600.0,48663237.0,1247201704.0,0.0034738567034542,2399
2024-10-25,11.28,11.29,10.91,11.21,4335060.0,48508008.0,1247201704.0,0.0034758291189762,2399
2024-10-28,11.27,11.67,11.11,11.64,6552160.0,74913780.0,1247201704.0,0.005253488653027,2399
2024-10-29,11.71,11.88,11.35,11.43,5683920.0,65838272.0,1247201704.0,0.0045573382250606,2399
2024-10-30,11.37,11.55,11.2,11.35,5747409.0,65186161.0,1247201704.0,0.004608243383221,2399
2024-10-31,11.3,11.36,10.9,11.07,8601663.0,95133793.0,1247201704.0,0.0068967697625916,2399
2024-11-01,11.0,11.12,10.76,10.79,8981183.0,98140574.0,1247201704.0,0.0072010669735262,2399
2024-11-04,10.86,10.99,10.8,10.96,5433695.0,59288543.0,1247201704.0,0.0043567090892941,2399
2024-11-05,10.93,11.11,10.89,11.09,7036702.0,77570654.0,1247201704.0,0.0056419919708512,2399
2024-11-06,11.11,11.18,10.89,10.94,8628971.0,95154474.0,1247201704.0,0.0069186651784754,2399
2024-11-07,10.93,11.38,10.9,11.38,8151122.0,91145490.0,1247201704.0,0.0065355282741018,2399
2024-11-08,11.56,11.65,11.24,11.36,6770516.0,77153310.0,1247201704.0,0.0054285653862448,2399
2024-11-11,11.29,11.46,11.2,11.44,6156052.0,69874249.0,1247201704.0,0.0049358912678329,2399
2024-11-12,11.47,12.04,11.46,11.67,10113003.0,118875170.0,1247201704.0,0.0081085545085175,2399
2024-11-13,11.67,11.85,11.34,11.56,7003700.0,80984431.0,1247201704.0,0.0056155311346495,2399
2024-11-14,11.57,11.6,11.23,11.25,4373100.0,49876022.0,1247201704.0,0.0035063293980233,2399
2024-11-15,11.25,11.35,11.06,11.09,3964280.0,44504987.0,1247201704.0,0.0031785395957092,2399
2024-11-18,11.12,11.31,10.85,10.92,7008320.0,77716184.0,1247201704.0,0.0056192354272152,2399
2024-11-19,10.94,11.16,10.9,11.13,3712656.0,41049190.0,1247201704.0,0.0029767887488389,2399
2024-11-20,11.13,11.69,11.1,11.48,7220141.0,82230165.0,1247201704.0,0.0057890724305809,2399
2024-11-21,11.5,11.51,11.27,11.38,3073460.0,34968232.0,1247201704.0,0.0024642846382769,2399
2024-11-22,11.4,11.44,10.8,10.8,4266420.0,47357992.0,1247201704.0,0.0034207939151436,2399
2024-11-25,10.87,11.05,10.79,10.93,3676920.0,40109545.0,1247201704.0,0.0029481358053051,2399
2024-11-26,10.9,11.19,10.82,10.87,4474848.0,49121452.0,1247201704.0,0.0035879104283199,2399
2024-11-27,10.83,11.07,10.72,11.07,4764081.0,52076054.0,1247201704.0,0.0038198159806234,2399
2024-11-28,11.07,11.18,10.98,11.02,3396900.0,37664242.0,1247201704.0,0.0027236171896699,2399
2024-11-29,11.02,11.17,10.89,11.13,3930200.0,43449269.0,1247201704.0,0.0031512144245755,2399
2024-12-02,11.35,11.82,11.25,11.73,10358920.0,120341908.0,1247201704.0,0.0083057295117358,2399
2024-12-03,11.8,11.9,11.63,11.8,5269869.0,62045201.0,1247201704.0,0.0042253542334801,2399
2024-12-04,11.71,11.78,11.52,11.58,3590410.0,41805756.0,1247201704.0,0.0028787725261157,2399
2024-12-05,11.51,11.65,11.5,11.59,3235220.0,37427789.0,1247201704.0,0.0025939829857705,2399
2024-12-06,11.61,11.86,11.53,11.78,4631529.0,54235275.0,1247201704.0,0.0037135364593761,2399
2024-12-09,11.84,11.9,11.59,11.68,6114300.0,71674751.0,1247201704.0,0.0049024147260145,2399
2024-12-10,11.99,11.99,11.5,11.59,8067204.0,94472412.0,1247201704.0,0.0064682432473649,2399
2024-12-11,11.61,11.73,11.5,11.62,4814075.0,55894184.0,1247201704.0,0.0038599009162354,2399
2024-12-12,11.63,11.72,11.54,11.66,5795520.0,67514239.0,1247201704.0,0.0046468185389842,2399
2024-12-13,11.6,11.65,11.17,11.19,15804026.0,178921497.0,1247201704.0,0.0126715878829492,2399
2024-12-16,11.22,11.41,11.18,11.29,7250560.0,81986265.0,1247201704.0,0.0058134622304845,2399
2024-12-17,11.27,11.42,11.15,11.22,4795356.0,53957786.0,1247201704.0,0.0038448921169851,2399
2024-12-18,11.24,11.43,11.22,11.33,3302531.0,37502485.0,1247201704.0,0.0026479526041442,2399
2024-12-19,11.23,11.33,11.05,11.25,2919956.0,32634273.0,1247201704.0,0.0023412059097058,2399
2024-12-20,11.25,11.38,11.16,11.3,3596455.0,40535535.0,1247201704.0,0.0028836193764533,2399
2024-12-23,11.29,11.35,10.97,10.99,3544520.0,39374530.0,1247201704.0,0.0028419781568868,2399
2024-12-24,11.01,11.1,10.97,11.05,2443360.0,26978982.0,1247201704.0,0.0019590736543765,2399
2024-12-25,11.1,11.14,10.89,10.96,2842460.0,31171322.0,1247201704.0,0.0022790700099941,2399
2024-12-26,10.95,11.0,10.88,10.89,2615378.0,28587568.0,1247201704.0,0.0020969968142378,2399
2024-12-27,10.96,11.04,10.83,10.94,2891760.0,31705773.0,1247201704.0,0.0023185984999263,2399
2024-12-30,10.97,11.12,10.78,10.93,4160220.0,45424069.0,1247201704.0,0.0033356432938292,2399
2024-12-31,10.89,10.99,10.68,10.69,2963360.0,31978921.0,1247201704.0,0.0023760070167447,2399
2025-01-02,10.62,10.75,10.26,10.33,3956314.0,41544115.0,1247201704.0,0.0031721524973157,2399
2025-01-03,10.32,10.51,10.2,10.28,4098661.0,42457895.0,1247201704.0,0.0032862855998791,2399
2025-01-06,10.26,10.48,10.21,10.38,3017283.0,31241287.0,1247201704.0,0.0024192422046273,2399
2025-01-07,10.35,10.43,10.16,10.33,3279697.0,33749583.0,1247201704.0,0.0026296444187667,2399
2025-01-08,10.3,10.38,9.97,10.13,4098358.0,41616618.0,1247201704.0,0.0032860426560161,2399
2025-01-09,10.12,10.2,9.91,10.08,2498965.0,25247014.0,1247201704.0,0.0020036574613275,2399
2025-01-10,10.09,10.16,9.9,9.96,2559380.0,25716392.0,1247201704.0,0.0020520979018803,2399
2025-01-13,9.87,10.05,9.84,10.02,2635078.0,26306087.0,1247201704.0,0.0021127921743121,2399
2025-01-14,10.06,10.25,10.0,10.2,4701821.0,47715897.0,1247201704.0,0.0037698962284291,2399
2025-01-15,10.2,10.2,10.01,10.07,3211400.0,32318736.0,1247201704.0,0.0025748842305943,2399
2025-01-16,10.11,10.27,10.04,10.06,4376241.0,44406403.0,1247201704.0,0.003508847835891,2399
2025-01-17,9.99,10.22,9.98,10.18,4000665.0,40537994.0,1247201704.0,0.003207712904151,2399
2025-01-20,10.2,10.33,10.18,10.28,2909110.0,29824348.0,1247201704.0,0.0023325096419207,2399
2025-01-21,10.27,10.35,10.12,10.19,2536534.0,25861567.0,1247201704.0,0.0020337800949636,2399
2025-01-22,10.15,10.24,10.02,10.15,2225489.0,22502935.0,1247201704.0,0.0017843857916986,2399
2025-01-23,10.17,10.33,10.14,10.15,3358068.0,34416829.0,1247201704.0,0.0026924818890401,2399
2025-01-24,10.16,10.23,10.1,10.19,3173102.0,32278353.0,1247201704.0,0.0025441770884559,2399
2025-01-27,10.0,10.23,10.0,10.11,3493038.0,35432073.0,1247201704.0,0.0028007001504225,2399
2025-02-05,10.14,10.25,10.12,10.16,3255253.0,33184447.0,1247201704.0,0.0026100453435557,2399
2025-02-06,10.17,10.28,10.07,10.28,2728502.0,27761073.0,1247201704.0,0.0021876990636311,2399
2025-02-07,10.27,10.49,10.22,10.42,3993312.0,41474090.0,1247201704.0,0.0032018173060481,2399
2025-02-10,10.43,10.57,10.37,10.48,3952040.0,41472176.0,1247201704.0,0.003168725625795,2399
2025-02-11,10.52,10.52,10.26,10.36,3307500.0,34190037.0,1247201704.0,0.0026519367231396,2399
2025-02-12,10.35,10.38,10.24,10.34,2910607.0,29972679.0,1247201704.0,0.0023337099289274,2399
2025-02-13,10.32,10.5,10.28,10.34,3358024.0,34790620.0,1247201704.0,0.0026924466100633,2399
2025-02-14,10.3,10.49,10.27,10.44,3254000.0,33902694.0,1247201704.0,0.0026090406945114,2399
2025-02-17,10.44,10.58,10.38,10.4,3798104.0,39743042.0,1247201704.0,0.0030453005218151,2399
2025-02-18,10.41,10.5,10.21,10.26,3826300.0,39571177.0,1247201704.0,0.0030679079315946,2399
2025-02-19,10.3,11.29,10.2,11.29,12520031.0,136783645.0,1247201704.0,0.0100384973495834,2399
2025-02-20,11.64,12.02,11.57,11.74,23789766.0,280546321.0,1247201704.0,0.0190745137083295,2399
2025-02-21,11.74,12.02,11.56,11.97,14577481.0,171647319.0,1247201704.0,0.0116881503234379,2399
2025-02-24,11.94,12.2,11.7,11.92,10465660.0,125203813.0,1247201704.0,0.0083913131023111,2399
2025-02-25,11.92,12.0,11.66,11.71,7374153.0,87208958.0,1247201704.0,0.0059125584709752,2399
2025-02-26,11.8,11.92,11.68,11.74,6378210.0,75032379.0,1247201704.0,0.0051140164253656,2399
2025-02-27,11.75,12.03,11.55,11.7,7197900.0,84619197.0,1247201704.0,0.0057712397095955,2399
2025-02-28,11.66,11.7,11.32,11.33,5860756.0,67210021.0,1247201704.0,0.0046991244328832,2399
2025-03-03,11.4,11.52,11.29,11.34,4557561.0,51980475.0,1247201704.0,0.003654229292169,2399
2025-03-04,11.3,11.39,11.22,11.33,3177350.0,36001270.0,1247201704.0,0.0025475831133085,2399
2025-03-05,11.35,11.38,11.11,11.21,3495187.0,39120493.0,1247201704.0,0.0028024232077219,2399
2025-03-06,11.22,11.35,11.15,11.32,4284326.0,48237014.0,1247201704.0,0.0034351508551178,2399
2025-03-07,11.3,11.4,11.18,11.25,3492936.0,39375140.0,1247201704.0,0.0028006183673398,2399
2025-03-10,11.33,11.39,11.18,11.26,3280600.0,36950445.0,1247201704.0,0.0026303684395864,2399
2025-03-11,11.25,11.25,11.0,11.11,4276277.0,47435742.0,1247201704.0,0.0034286972077453,2399
2025-03-12,11.16,11.16,10.95,10.99,4358920.0,47994299.0,1247201704.0,0.0034949599459495,2399
2025-03-13,10.95,11.01,10.85,10.95,3323687.0,36302836.0,1247201704.0,0.0026649153776332,2399
2025-03-14,10.91,11.09,10.85,11.09,5494220.0,60350811.0,1247201704.0,0.004405237727289,2399
2025-03-17,11.09,11.11,10.97,11.05,3407300.0,37617582.0,1247201704.0,0.0027319558569172,2399
2025-03-18,11.03,11.17,11.03,11.16,3842700.0,42765160.0,1247201704.0,0.0030810573684078,2399
2025-03-19,11.15,11.34,11.13,11.18,5281410.0,59328825.0,1247201704.0,0.0042346077487398,2399
2025-03-20,11.19,11.19,11.05,11.08,3254539.0,36174543.0,1247201704.0,0.0026094728619774,2399
2025-03-21,11.1,11.17,10.92,11.0,4021900.0,44316490.0,1247201704.0,0.0032247390194393,2399
2025-03-24,10.97,11.09,10.82,10.98,3547600.0,38915898.0,1247201704.0,0.0028444476852639,2399
2025-03-25,10.99,11.1,10.92,11.1,3210200.0,35446007.0,1247201704.0,0.0025739220766811,2399
2025-03-26,11.1,11.29,11.09,11.17,3862206.0,43163873.0,1247201704.0,0.0030966971802662,2399
2025-03-27,11.12,11.68,11.08,11.61,10149328.0,116634417.0,1247201704.0,0.0081376797092637,2399
2025-03-28,11.61,11.85,11.5,11.55,10415679.0,121541074.0,1247201704.0,0.0083512385900332,2399
2025-03-31,11.45,11.55,11.07,11.11,7075640.0,79803677.0,1247201704.0,0.0056732122617433,2399
2025-04-01,11.11,11.85,11.06,11.72,11072581.0,129070900.0,1247201704.0,0.0088779392815839,2399
2025-04-02,11.7,11.72,11.53,11.56,5261429.0,61129917.0,1247201704.0,0.0042185870842908,2399
2025-04-03,11.45,11.73,11.42,11.55,4906700.0,56639525.0,1247201704.0,0.0039341671714072,2399
2025-04-07,11.2,11.22,10.4,10.4,8823552.0,94290769.0,1247201704.0,0.0070746792372887,2399
2025-04-08,10.39,10.56,10.02,10.34,10197872.0,104608300.0,1247201704.0,0.0081766020422306,2399
2025-04-09,10.1,10.31,9.72,10.26,7373461.0,74349433.0,1247201704.0,0.0059120036288853,2399
2025-04-10,10.4,10.71,10.4,10.58,6083860.0,64324508.0,1247201704.0,0.0048780080884174,2399
2025-04-11,10.53,10.78,10.46,10.71,5087620.0,54273659.0,1247201704.0,0.0040792279097142,2399
2025-04-14,10.88,11.28,10.85,11.17,6785345.0,75530468.0,1247201704.0,0.0054404552032266,2399
2025-04-15,11.18,11.26,10.83,10.89,4455900.0,48806830.0,1247201704.0,0.0035727180180311,2399
2025-04-16,10.89,10.95,10.45,10.59,4214680.0,44727800.0,1247201704.0,0.003379309045588,2399
2025-04-17,10.58,10.77,10.5,10.64,2796613.0,29862735.0,1247201704.0,0.002242310117947,2399
2025-04-18,10.68,10.8,10.52,10.64,2330511.0,24725035.0,1247201704.0,0.0018685918985883,2399
2025-04-21,10.6,10.93,10.57,10.91,3015980.0,32567225.0,1247201704.0,0.0024181974658366,2399
2025-04-22,10.89,11.05,10.77,10.99,3253182.0,35567500.0,1247201704.0,0.0026083848262606,2399
2025-04-23,11.06,11.21,10.93,11.01,3389500.0,37391840.0,1247201704.0,0.0027176839072054,2399
2025-04-24,10.99,11.3,10.95,11.14,5310860.0,59199363.0,1247201704.0,0.0042582206093586,2399
2025-04-25,11.2,11.2,10.66,10.9,5880910.0,63858658.0,1247201704.0,0.0047152838078547,2399
2025-04-28,10.87,10.9,10.68,10.84,3176300.0,34286249.0,1247201704.0,0.0025467412286344,2399
2025-04-29,10.84,10.97,10.78,10.88,2724660.0,29691231.0,1247201704.0,0.0021846185675192,2399
2025-04-30,10.89,11.0,10.87,10.88,2669761.0,29212077.0,1247201704.0,0.0021406008277871,2399
2025-05-06,10.93,10.97,10.82,10.89,4890736.0,53180778.0,1247201704.0,0.0039213673171825,2399
2025-05-07,10.99,11.07,10.89,10.96,3805080.0,41792324.0,1247201704.0,0.0030508938432303,2399
2025-05-08,11.16,11.17,11.02,11.08,4192982.0,46598896.0,1247201704.0,0.0033619116992482,2399
2025-05-09,11.06,11.17,10.91,11.0,2965221.0,32690999.0,1247201704.0,0.002377499157105,2399
2025-05-12,10.99,11.1,10.88,11.03,3253838.0,35683839.0,1247201704.0,0.0026089108037331,2399
2025-05-13,11.12,11.12,10.97,11.08,3570101.0,39503832.0,1247201704.0,0.0028624888729305,2399
2025-05-14,11.08,11.18,10.95,11.11,3563900.0,39378814.0,1247201704.0,0.0028575169425842,2399
2025-05-15,11.1,11.23,11.02,11.15,4266060.0,47575393.0,1247201704.0,0.0034205052689697,2399
2025-05-16,11.14,11.45,11.1,11.39,5593871.0,63301571.0,1247201704.0,0.0044851373936224,2399
2025-05-19,11.35,11.57,11.29,11.38,3465920.0,39523472.0,1247201704.0,0.002778957075575,2399
2025-05-20,11.45,11.6,11.41,11.51,4428600.0,51012030.0,1247201704.0,0.0035508290165068,2399
2025-05-21,11.51,11.59,11.43,11.47,4182860.0,48101351.0,1247201704.0,0.0033537959309908,2399
2025-05-22,11.48,11.49,11.31,11.39,3753000.0,42811186.0,1247201704.0,0.0030091363633993,2399
2025-05-23,11.4,11.55,11.35,11.35,4385400.0,50281135.0,1247201704.0,0.0035161914756331,2399
2025-05-26,11.43,11.45,11.16,11.2,4496664.0,50624759.0,1247201704.0,0.0036054023864611,2399
2025-05-27,11.21,11.43,11.17,11.4,4420045.0,50127341.0,1247201704.0,0.0035439696609009,2399
2025-05-28,11.42,11.48,11.33,11.35,2290708.0,26073851.0,1247201704.0,0.0018366780550838,2399
2025-05-29,11.35,11.66,11.31,11.61,4319328.0,49855909.0,1247201704.0,0.0034632152811747,2399
2025-05-30,11.6,11.88,11.58,11.77,6064372.0,71282763.0,1247201704.0,0.0048623827088677,2399
2025-06-03,11.7,12.5,11.67,12.39,12652022.0,154749895.0,1247201704.0,0.0101443270638764,2399
2025-06-04,12.41,12.66,12.33,12.45,9491398.0,118188194.0,1247201704.0,0.0076101547725274,2399
2025-06-05,12.49,12.53,12.12,12.21,6295534.0,77093271.0,1247201704.0,0.0050477272279288,2399
2025-06-06,12.18,12.28,12.02,12.13,4908129.0,59632468.0,1247201704.0,0.0039353129363588,2399
2025-06-09,12.16,12.47,12.11,12.31,5947751.0,73197361.0,1247201704.0,0.0047688765826124,2399
2025-06-10,12.3,12.53,12.22,12.33,6930244.0,85727535.0,1247201704.0,0.0055566344864455,2399
2025-06-11,12.26,12.43,12.22,12.26,4069462.0,50058984.0,1247201704.0,0.0032628739897873,2399
2025-06-12,12.22,12.64,12.2,12.58,9589890.0,119899218.0,1247201704.0,0.0076891251585397,2399
2025-06-13,12.49,12.89,12.42,12.54,9724440.0,122372780.0,1247201704.0,0.0077970066660524,2399
2025-06-16,12.54,12.67,12.3,12.36,6835895.0,84847277.0,1247201704.0,0.0054809859368184,2399
2025-06-17,12.43,12.72,12.18,12.26,7455890.0,92349776.0,1247201704.0,0.005978094782975,2399
2025-06-18,12.21,12.26,11.99,12.09,5253211.0,63482769.0,1247201704.0,0.0042119979335756,2399
2025-06-19,12.09,12.1,11.74,11.79,5030618.0,59743397.0,1247201704.0,0.0040335239952494,2399
2025-06-20,11.77,11.81,11.6,11.66,4767900.0,55609239.0,1247201704.0,0.003822878035452,2399
2025-06-23,11.66,11.66,11.41,11.54,5400060.0,62174977.0,1247201704.0,0.0043297407169033,2399
2025-06-24,11.6,11.73,11.57,11.72,5379957.0,62714801.0,1247201704.0,0.0043136222334731,2399
2025-06-25,11.72,11.76,11.55,11.67,4808335.0,55945543.0,1247201704.0,0.0038552986133508,2399
2025-06-26,11.68,11.69,11.47,11.54,4302860.0,49705096.0,1247201704.0,0.0034500113223065,2399
2025-06-27,11.58,11.75,11.54,11.62,3832780.0,44677333.0,1247201704.0,0.0030731035627257,2399
2025-06-30,11.7,11.99,11.56,11.91,6172362.0,72740784.0,1247201704.0,0.0049489685431026,2399
2025-07-01,11.91,12.07,11.89,12.06,4309060.0,51655602.0,1247201704.0,0.0034549824508578,2399
2025-07-02,12.05,12.12,11.86,11.91,4305300.0,51426702.0,1247201704.0,0.0034519677019299,2399
2025-07-03,11.93,12.09,11.88,11.96,3954470.0,47404374.0,1247201704.0,0.0031706739874691,2399
2025-07-04,11.96,12.09,11.91,12.05,4395755.0,52756167.0,1247201704.0,0.0035244940621088,2399
2025-07-07,11.81,11.99,11.75,11.81,4786500.0,56656520.0,1247201704.0,0.003837791421106,2399
2025-07-08,11.81,12.08,11.78,11.86,4543500.0,54071389.0,1247201704.0,0.0036429552536916,2399
2025-07-09,11.84,11.9,11.69,11.81,4132406.0,48721992.0,1247201704.0,0.0033133421697121,2399
2025-07-10,11.82,12.06,11.77,11.98,4737720.0,56599823.0,1247201704.0,0.0037986798645361,2399
2025-07-11,12.03,12.24,11.98,12.2,6219660.0,75597715.0,1247201704.0,0.0049868918395897,2399
2025-07-14,12.2,12.25,12.09,12.19,4121780.0,50132930.0,1247201704.0,0.0033048222968111,2399
2025-07-15,12.12,12.22,11.93,12.11,5066107.0,61032924.0,1247201704.0,0.0040619788954361,2399
2025-07-16,12.08,12.37,12.05,12.35,4876041.0,59702674.0,1247201704.0,0.003909584940721,2399
2025-07-17,12.34,12.54,12.31,12.54,4940384.0,61473345.0,1247201704.0,0.0039611748317495,2399
2025-07-18,12.52,12.57,12.3,12.56,4652884.0,57827408.0,1247201704.0,0.0037306587900556,2399
2025-07-21,13.1,13.82,12.73,13.82,21023401.0,280408450.0,1247201704.0,0.0168564562833535,2399
2025-07-22,13.82,14.34,13.62,13.73,34675956.0,482656969.0,1247201704.0,0.0278030056315574,2399
2025-07-23,13.73,14.34,13.46,13.88,24394889.0,339525969.0,1247201704.0,0.0195596982603224,2399
2025-07-24,14.01,14.18,13.66,13.81,16562002.0,229290022.0,1247201704.0,0.0132793291950152,2399
2025-07-25,13.95,13.95,13.41,13.46,16474382.0,224580023.0,1247201704.0,0.0132090759234562,2399
2025-07-28,13.4,13.5,13.3,13.39,8930287.0,119514423.0,1247201704.0,0.0071602588188894,2399
2025-07-29,13.42,13.75,13.28,13.6,13672449.0,184945002.0,1247201704.0,0.0109625002564941,2399
2025-07-30,13.61,13.83,13.4,13.58,13352200.0,182464914.0,1247201704.0,0.0107057262327152,2399
2025-07-31,13.55,13.74,13.28,13.39,11301626.0,152419129.0,1247201704.0,0.0090615864007831,2399
2025-08-01,13.35,13.59,13.24,13.25,8280974.0,110857902.0,1247201704.0,0.0066396429490445,2399
2025-08-04,13.2,13.32,12.96,13.17,8678601.0,113778871.0,1247201704.0,0.0069584582607337,2399
2025-08-05,13.17,13.37,13.07,13.26,6325120.0,83485165.0,1247201704.0,0.0050714491326576,2399
2025-08-06,13.29,13.4,13.09,13.14,6840202.0,90159759.0,1247201704.0,0.0054844392675717,2399
2025-08-07,13.14,13.22,12.83,12.91,6313873.0,81982366.0,1247201704.0,0.0050624313451066,2399
2025-08-08,12.93,13.03,12.8,13.03,4337167.0,56189347.0,1247201704.0,0.0034775185008887,2399
2025-08-11,13.05,13.18,12.94,13.14,6361600.0,83047809.0,1247201704.0,0.0051006986116176,2399
2025-08-12,13.14,13.26,12.96,13.07,4331024.0,56642980.0,1247201704.0,0.0034725930746483,2399
2025-08-13,13.01,13.45,13.0,13.4,8827088.0,117251284.0,1247201704.0,0.0070775143841528,2399
2025-08-14,13.43,13.49,13.19,13.21,6921760.0,92241342.0,1247201704.0,0.0055498320582794,2399
2025-08-15,13.2,13.3,13.06,13.24,6599326.0,87154961.0,1247201704.0,0.0052913061125836,2399
2025-08-18,13.27,13.48,13.18,13.28,7982760.0,106094971.0,1247201704.0,0.006400536476496,2399
2025-08-19,13.27,13.61,13.25,13.26,8172360.0,109638679.0,1247201704.0,0.0065525567947748,2399
2025-08-20,13.21,13.33,13.08,13.33,7500482.0,98911946.0,1247201704.0,0.0060138484223879,2399
2025-08-21,13.32,13.47,13.22,13.3,6288978.0,83711710.0,1247201704.0,0.0050424706603832,2399
2025-08-22,13.27,13.32,13.11,13.21,5136325.0,67730131.0,1247201704.0,0.0041182793316645,2399
2025-08-25,13.19,13.54,13.19,13.47,8581040.0,115023877.0,1247201704.0,0.0068802343457991,2399
2025-08-26,13.48,13.51,13.32,13.38,5333946.0,71422433.0,1247201704.0,0.0042767308470579,2399
2025-08-27,13.35,13.46,12.84,12.86,7888280.0,103962567.0,1247201704.0,0.0063247828917334,2399
2025-08-28,12.83,13.01,12.52,12.88,7141438.0,91282484.0,1247201704.0,0.0057259687643916,2399
2025-08-29,12.88,13.08,12.75,12.9,5759354.0,74417027.0,1247201704.0,0.0046178208236315,2399
2025-09-01,12.99,13.3,12.96,13.18,7790620.0,102704991.0,1247201704.0,0.0062464795991009,2399
2025-09-02,13.15,13.25,12.77,12.9,7631203.0,99034740.0,1247201704.0,0.0061186598571228,2399
2025-09-03,12.94,13.06,12.71,12.76,4305600.0,55336315.0,1247201704.0,0.0034522082404082,2399
2025-09-04,12.81,12.86,12.45,12.65,6928061.0,88059501.0,1247201704.0,0.0055548841681184,2399
2025-09-05,12.69,13.07,12.56,13.07,5505946.0,70866810.0,1247201704.0,0.0044146395746104,2399
2025-09-08,13.2,13.33,12.95,13.13,4597580.0,60264999.0,1247201704.0,0.0036863163233779,2399
2025-09-09,13.14,13.25,12.9,12.94,5288200.0,68971135.0,1247201704.0,0.0042400519362985,2399
2025-09-10,12.93,13.03,12.79,12.79,2962556.0,38182790.0,1247201704.0,0.0023753623736229,2399
2025-09-11,12.77,12.85,12.44,12.83,5976744.0,75574291.0,1247201704.0,0.0047921230229493,2399
2025-09-12,12.83,12.96,12.64,12.86,5077546.0,64952523.0,1247201704.0,0.0040711506276133,2399
2025-09-15,12.86,12.93,12.72,12.85,4118620.0,52883004.0,1247201704.0,0.0033022886248397,2399
2025-09-16,12.92,12.94,12.63,12.79,3535561.0,45133995.0,1247201704.0,0.0028347948761301,2399
2025-09-17,12.79,12.83,12.66,12.66,3721746.0,47383195.0,1247201704.0,0.0029840770647311,2399
2025-09-18,12.66,12.79,12.39,12.5,4926058.0,62150029.0,1247201704.0,0.0039496883176163,2399
2025-09-19,12.46,12.59,12.3,12.41,4513584.0,55968336.0,1247201704.0,0.0036189687566366,2399
2025-09-22,12.43,12.57,12.21,12.31,3673476.0,45262774.0,1247201704.0,0.0029453744235743,2399
2025-09-23,12.27,12.29,11.88,12.04,4433000.0,53245488.0,1247201704.0,0.0035543569141884,2399
2025-09-24,12.0,12.19,11.98,12.18,3447800.0,41769308.0,1247201704.0,0.0027644285514863,2399
2025-09-25,12.2,12.24,12.03,12.04,3137420.0,37972680.0,1247201704.0,0.0025155674418482,2399
2025-09-26,12.01,12.06,11.8,11.92,3478036.0,41518545.0,1247201704.0,0.0027886716229181,2399
2025-09-29,11.98,11.99,11.74,11.95,3516808.0,41727324.0,1247201704.0,0.0028197588158522,2399
2025-09-30,11.96,12.02,11.83,11.96,3121760.0,37324392.0,1247201704.0,0.0025030113332815,2399
2025-10-09,11.96,12.01,11.78,11.87,3966500.0,47179560.0,1247201704.0,0.0031803195804485,2399
2025-10-10,11.9,12.0,11.81,11.94,3798400.0,45269606.0,1247201704.0,0.0030455378531137,2399
2025-10-13,11.72,11.79,11.59,11.74,4090037.0,47802297.0,1247201704.0,0.0032793709204233,2399
2025-10-14,11.76,11.82,11.53,11.56,5108998.0,59582577.0,1247201704.0,0.0040963686816771,2399
2025-10-15,11.61,11.88,11.56,11.81,4507280.0,53005483.0,1247201704.0,0.0036139142414128,2399
2025-10-16,11.81,11.92,11.72,11.79,3826380.0,45193769.0,1247201704.0,0.0030679720751888,2399
2025-10-17,11.79,11.9,11.62,11.64,3361266.0,39538583.0,1247201704.0,0.0026950460292187,2399
2025-10-20,11.64,11.78,11.61,11.69,3006482.0,35132341.0,1247201704.0,0.002410582017614,2399
2025-10-21,11.68,11.96,11.68,11.94,3350007.0,39773497.0,1247201704.0,0.0026860186201285,2399
2025-10-22,11.93,12.14,11.88,11.97,3904192.0,46837686.0,1247201704.0,0.0031303613420977,2399
2025-10-23,11.91,11.98,11.76,11.93,3420974.0,40590815.0,1247201704.0,0.0027429196007576,2399
2025-10-24,11.95,12.02,11.81,11.91,3050160.0,36312718.0,1247201704.0,0.0024456028164631,2399
2025-10-27,12.0,12.08,11.91,12.01,3883529.0,46598916.0,1247201704.0,0.003113793853508,2399
2025-10-28,12.07,12.1,11.93,11.93,2991300.0,35934833.0,1247201704.0,0.0023984091670227,2399
2025-10-29,11.96,12.06,11.86,12.02,3456762.0,41335194.0,1247201704.0,0.0027716142376277,2399
2025-10-30,12.02,12.03,11.81,11.81,3173104.0,37742794.0,1247201704.0,0.0025441786920457,2399
2025-10-31,11.91,12.2,11.85,12.16,5694814.0,68672476.0,1247201704.0,0.0045660729790022,2399
2025-11-03,12.22,12.41,12.12,12.37,6829765.0,83970088.0,1247201704.0,0.005476070933912,2399
2025-11-04,12.29,12.34,12.06,12.12,4154269.0,50562866.0,1247201704.0,0.0033308718122149,2399
2025-11-05,12.08,12.19,12.04,12.13,3107300.0,37661235.0,1247201704.0,0.0024914173786279,2399
2025-11-06,12.1,12.22,12.06,12.15,2861600.0,34710441.0,1247201704.0,0.002294416364909,2399
2025-11-07,12.12,12.3,12.1,12.26,3388206.0,41458589.0,1247201704.0,0.002716646384569,2399
2025-11-10,12.19,12.39,12.18,12.37,3655420.0,45046887.0,1247201704.0,0.002930897214361,2399
2025-11-11,12.35,12.39,12.28,12.36,2553604.0,31498670.0,1247201704.0,0.0020474667343783,2399
2025-11-12,12.35,12.4,12.31,12.38,3189225.0,39422640.0,1247201704.0,0.0025571044280741,2399
2025-11-13,12.38,12.48,12.32,12.46,3442220.0,42794850.0,1247201704.0,0.0027599545357901,2399
2025-11-14,12.4,12.68,12.39,12.56,5507565.0,69412318.0,1247201704.0,0.0044159376805982,2399
2025-11-17,12.54,12.59,12.29,12.35,3980806.0,49203587.0,1247201704.0,0.0031917900586832,2399
2025-11-18,12.34,12.42,12.22,12.26,3160463.0,38855525.0,1247201704.0,0.0025340432023656,2399
2025-11-19,12.25,12.29,11.98,12.02,3539880.0,42749125.0,1247201704.0,0.0028382578284225,2399
2025-11-20,12.03,12.16,12.0,12.07,3251200.0,39234818.0,1247201704.0,0.002606795668714,2399
2025-11-21,12.02,12.1,11.54,11.57,4538000.0,53278281.0,1247201704.0,0.0036385453815896,2399
2025-11-24,11.63,11.8,11.58,11.71,3252240.0,38111126.0,1247201704.0,0.0026076295354388,2399
2025-11-25,11.71,11.96,11.68,11.8,3147548.0,37283056.0,1247201704.0,0.0025236880208752,2399
2025-11-26,11.82,12.09,11.78,11.86,3077300.0,36714280.0,1247201704.0,0.002467363530799,2399
2025-11-27,11.86,11.89,11.66,11.69,3053580.0,35872484.0,1247201704.0,0.0024483449551156,2399
2025-11-28,11.69,11.85,11.62,11.81,2617148.0,30729192.0,1247201704.0,0.0020984159912597,2399
2025-12-01,11.79,12.03,11.75,11.96,3445788.0,41109994.0,1247201704.0,0.0027628153400919,2399
2025-12-02,12.0,12.09,11.84,12.05,3130252.0,37490513.0,1247201704.0,0.0025098201758069,2399
2025-12-03,12.04,12.23,11.99,12.13,3366285.0,40793075.0,1247201704.0,0.0026990702379604,2399
2025-12-04,12.12,12.19,12.05,12.09,2267640.0,27455405.0,1247201704.0,0.0018181822496932,2399
2025-12-05,12.09,12.09,11.86,12.06,2914917.0,34930273.0,1247201704.0,0.0023371656650655,2399
2025-12-08,12.14,12.18,11.94,11.94,3563154.0,42808693.0,1247201704.0,0.0028569188035682,2399
2025-12-09,11.95,12.01,11.87,11.9,2898597.0,34574567.0,1247201704.0,0.0023240803718465,2399
2025-12-10,11.89,12.01,11.8,11.95,2321100.0,27692118.0,1247201704.0,0.0018610462065244,2399
2025-12-11,11.98,11.99,11.77,11.77,2711823.0,32137977.0,1247201704.0,0.0021743259260332,2399
2025-12-12,11.83,11.85,11.63,11.63,2947500.0,34505136.0,1247201704.0,0.0023632905491925,2399
2025-12-15,11.63,11.74,11.5,11.67,2897600.0,33763602.0,1247201704.0,0.0023232809823037,2399
2025-12-16,11.69,11.69,11.54,11.67,2826002.0,32798567.0,1247201704.0,0.0022658740690751,2399
2025-12-17,11.7,11.71,11.53,11.64,2690059.0,31262070.0,1247201704.0,0.0021568756612282,2399
2025-12-18,11.64,11.77,11.6,11.7,2043540.0,23897122.0,1247201704.0,0.0016385000064111,2399
2025-12-19,11.7,11.95,11.69,11.82,4059613.0,48126549.0,1247201704.0,0.003254977111545,2399
2025-12-22,11.83,11.85,11.71,11.79,2390720.0,28191211.0,1247201704.0,0.001916867169386,2399
2025-12-23,11.85,11.97,11.75,11.76,2384100.0,28202890.0,1247201704.0,0.0019115592869651,2399
2025-12-24,11.83,11.92,11.75,11.88,2698505.0,31968689.0,1247201704.0,0.002163647621187,2399
2025-12-25,11.91,12.06,11.87,12.01,2310960.0,27677682.0,1247201704.0,0.0018529160059582,2399
2025-12-26,12.04,12.09,11.92,12.03,2941460.0,35321362.0,1247201704.0,0.0023584477078296,2399
2025-12-29,12.01,12.02,11.78,11.79,2143580.0,25439282.0,1247201704.0,0.0017187115709713,2399
2025-12-30,11.86,11.94,11.71,11.81,2476300.0,29285575.0,1247201704.0,0.0019854847792927,2399
2025-12-31,11.84,11.87,11.74,11.79,1931380.0,22784838.0,1247201704.0,0.001548570687328,2399
2026-01-05,11.86,12.14,11.81,12.1,4137943.0,49690565.0,1247201704.0,0.0033177817082264,2399
2026-01-06,12.16,12.16,11.98,12.12,4051302.0,48884622.0,1247201704.0,0.0032483133939015,2399
2026-01-07,12.13,12.15,12.02,12.1,3548340.0,42893739.0,1247201704.0,0.0028450410135103,2399
2026-01-08,12.11,12.18,12.06,12.08,2661960.0,32243963.0,1247201704.0,0.0021343460255567,2399
2026-01-09,12.12,12.33,12.05,12.31,4100060.0,49989324.0,1247201704.0,0.0032874073109829,2399
2026-01-12,12.32,12.48,12.19,12.34,4517062.0,55474347.0,1247201704.0,0.0036217573993949,2399
2026-01-13,12.54,12.64,12.37,12.43,6262447.0,78385909.0,1247201704.0,0.0050211982391582,2399
2026-01-14,12.43,12.57,12.15,12.3,7090443.0,87875099.0,1247201704.0,0.005685081232057,2399
2026-01-15,12.3,12.5,12.25,12.35,6331763.0,78248122.0,1247201704.0,0.0050767754563619,2399
2026-01-16,12.35,12.41,12.08,12.13,4517857.0,55044147.0,1247201704.0,0.0036223948263624,2399
2026-01-19,12.1,12.23,12.08,12.15,3586985.0,43553626.0,1247201704.0,0.0028760263784886,2399
2026-01-20,12.23,12.35,12.16,12.29,3847282.0,47136370.0,1247201704.0,0.0030847311927662,2399
2026-01-21,12.24,12.47,12.21,12.36,4500140.0,55556042.0,1247201704.0,0.0036081894256295,2399
2026-01-22,12.37,12.45,12.33,12.37,3631866.0,44960748.0,1247201704.0,0.0029120117366356,2399
2026-01-23,12.43,12.54,12.35,12.47,5075374.0,63255611.0,1247201704.0,0.0040694091290305,2399
2026-01-26,12.5,12.56,12.28,12.54,7363080.0,91587948.0,1247201704.0,0.0059036801957416,2399
2026-01-27,12.55,12.56,12.1,12.36,5031540.0,61890475.0,1247201704.0,0.0040342632501727,2399
2026-01-28,12.41,12.45,12.24,12.31,4725206.0,58359419.0,1247201704.0,0.0037886462028117,2399
2026-01-29,12.27,12.53,12.26,12.46,4498080.0,55858062.0,1247201704.0,0.0036065377280786,2399
2026-01-30,12.4,12.52,12.24,12.37,5036000.0,62359824.0,1247201704.0,0.0040378392555499,2399
2026-02-02,12.28,12.28,11.8,11.84,6651364.0,80136356.0,1247201704.0,0.0053330299170277,2399
2026-02-03,11.9,12.07,11.87,12.04,5042618.0,60312532.0,1247201704.0,0.004043145534381,2399
2026-02-04,12.07,12.23,12.0,12.2,4235520.0,51350637.0,1247201704.0,0.0033960184518798,2399
2026-02-05,12.2,12.28,12.14,12.17,2974645.0,36302826.0,1247201704.0,0.002385055272503,2399
2026-02-06,12.18,12.43,12.1,12.21,4328260.0,53271478.0,1247201704.0,0.0034703769134683,2399
2026-02-09,12.28,12.44,12.23,12.31,4260142.0,52616238.0,1247201704.0,0.0034157602465879,2399
2026-02-10,12.33,12.45,12.28,12.39,2940979.0,36449396.0,1247201704.0,0.0023580620444694,2399
2026-02-11,12.4,12.5,12.36,12.4,3185586.0,39618599.0,1247201704.0,0.0025541866963324,2399
2026-02-12,12.37,12.43,12.26,12.27,3093044.0,38068317.0,1247201704.0,0.0024799869901396,2399
2026-02-13,12.33,12.33,12.05,12.05,2880116.0,35076562.0,1247201704.0,0.002309262399789,2399
2026-02-24,12.19,12.21,12.08,12.14,2528000.0,30727308.0,1247201704.0,0.0020269375770512,2399
2026-02-25,12.16,12.35,12.13,12.23,3236580.0,39738087.0,1247201704.0,0.002595073426872098,002399
